txn_id,loan_id,paid_at,amount,currency,channel,reversal_of
TX8637759516,668140577,2026-01-30T07:13:23+03:00,2849.44,ETB,CBE Birr,
TX8282051125,943172523,2026-01-30T06:12:16Z,38088,KES,Bank,
TX9989972218,772125604,2026-02-01T05:40:19Z,205286,SSP,Bank,
TX1891633812,793007553,2026-02-01T06:51:30Z,462822,SSP,m-Gurush,
TX2336943992,581542805,2026-02-01T13:22:10Z,8690.00,ETB,Telebirr,
TX9140785413,324838207,2026-02-01T14:29:29Z,186644,RWF,Airtel Money,
TX7819623617,958306121,2026-02-02T05:01:17Z,201400,RWF,Airtel Money,
TX2984572733,750976104,2026-02-02T06:31:33Z,1275229,SSP,m-Gurush,
TX6730506395,698439751,2026-02-02T11:06:33Z,6376.11,ETB,Telebirr,
TX5167996929,932753965,2026-02-03T10:02:31Z,7730.56,ETB,CBE Birr,
TX8804744889,447902452,2026-02-03T11:52:57Z,374267,RWF,Airtel Money,
TX2865841198,426299978,2026-02-04T08:21:34Z,556150,SSP,Cash,
TX7412324154,596763438,2026-02-04T09:57:23Z,19678,KES,Bank,
TX3612799472,574049895,2026-02-04T13:43:18Z,802400,SSP,Cash,
TX8639382632,746233843,2026-02-04T14:09:40Z,40250,XAF,Moov Money,
TX2945529664,980383599,2026-02-04T15:22:58Z,27600,KES,mpesa,
TX4523182653,229339558,2026-02-04T15:32:31Z,218803,RWF,Airtel Money,
TX7671013747,859578689,2026-02-05T07:28:58Z,88825,XAF,Airtel Money,
TX7588619134,166710441,2026-02-05T08:07:39Z,8933,KES,M-Pesa,
TX5577694262,298608782,2026-02-06T04:19:08Z,15225.00,ETB,Telebirr,
TX1337556910,157641660,2026-02-06T06:23:04Z,145250,XAF,Airtel Money,
TX1986696464,796865011,2026-02-06T10:38:29Z,"11,360.00",ETB,Telebirr,
TX4828349373,992367796,2026-02-06T11:30:23Z,13603,KES,MPESA,
TX3584272292,128473652,2026-02-07T12:09:37Z,17844.22,ETB,CBE Birr,
TX9843510378,605757240,2026-02-07T12:44:05Z,35924,KES,Bank,
TX9189398880,349576704,2026-02-07T15:47:31Z,"134,500",XAF,Moov Money,
TX6800295288,171598785,2026-02-08T06:53:18Z,5635.00,ETB,Telebirr,
TX7979514535,482096458,2026-02-08T07:36:12Z,149500,XAF,Cash,
TX5401033287,782816117,2026-02-08T07:43:10Z,376133,RWF,Cash,
TX6427118605,280734513,2026-02-08T07:45:31Z,72767,XAF,Cash,
TX9496288866,758588865,2026-02-08T08:36:32Z,484950,SSP,m-Gurush,
TX6500686163,250985202,2026-02-08T13:59:35Z,1829.00,ETB,telebirr,
TX4420218747,755679474,2026-02-08T17:37:13Z,131156,XAF,Airtel Money,
TX7172914470,389309868,2026-02-09T05:52:44Z,6307.00,ETB,telebirr,
TX7283748317,531687483,2026-02-09T06:38:20Z,176472,SSP,Bank,
TX9108681930,631716695,2026-02-09T12:27:06Z,355158,RWF,Airtel Money,
TX9671719427,112470581,2026-02-10T09:52:53+02:00,274000,SSP,m-Gurush,
TX6188131001,854365280,2026-02-10T07:58:37Z,226800,SSP,Bank,
TX1139681877,266964787,2026-02-10T09:06:34Z,159300,XAF,Airtel Money,
TX6460853884,839275392,2026-02-10T10:18:15Z,80117,XAF,Airtel Money,
TX3045939073,327316660,2026-02-10T10:36:32Z,27560,KES,mpesa,
TX7425609098,305613214,2026-02-10T17:24:15+02:00,46544,RWF,Cash,
TX4541520193,644714212,2026-02-11T06:40:40Z,"51,914",XAF,Airtel Money,
TX9563993639,138383353,2026-02-11T10:27:35Z,844356,SSP,Bank,
TX4758466827,588925039,2026-02-11T14:10:12Z,475077,SSP,Bank,
TX9104954313,815311778,2026-02-11T15:48:16Z,433472,SSP,m-Gurush,
TX4198566616,988747364,2026-02-12T16:31:05Z,1113617,SSP,Bank,
TX3986911737,496887430,2026-02-13T11:26:01Z,41075,XAF,Cash,
TX3434977279,558541586,2026-02-13T13:35:41Z,3417.61,ETB,Cash,
TX3876126775,995313234,2026-02-13T15:26:41Z,433275,RWF,MoMo,
TX7142836851,197839538,2026-02-13T15:43:44Z,6165.50,ETB,Telebirr,
TX4814605222,218327973,2026-02-13T15:49:45Z,7560,KES,mpesa,
TX1008079616,413230655,2026-02-13T15:53:08Z,174033,RWF,MTN MoMo,
TX3252734859,496998281,2026-02-14T05:50:03Z,791467,SSP,m-Gurush,
TX8132123623,138436777,2026-02-14T10:01:42Z,224367,RWF,MTN MoMo,
TX7089180378,183792384,2026-02-14T10:45:24Z,383167,ssp,m-Gurush,
TX4519191920,953731995,2026-02-14T12:18:12Z,18487,KES,Bank,
TX7778332506,253443516,2026-02-14T12:18:21Z,829500,SSP,Cash,
TX3952527231,196506181,2026-02-14T13:59:51Z,205517,RWF,Cash,
TX6056976753,260746819,2026-02-15T04:29:16Z,23411.67,ETB,Telebirr,
TX5340853981,526307354,2026-02-15T09:49:53Z,26546.67,ETB,CBE Birr,
TX5521999919,995558978,2026-02-15T11:48:02Z,66150,XAF,Airtel Money,
TX3195568975,479643855,2026-02-15T14:25:42Z,6489.33,ETB,Telebirr,
TX3870146671,559957483,2026-02-16T07:18:10Z,37333,XAF,Moov Money,
TX7465442655,458182472,2026-02-16T08:39:39Z,916828,SSP,Cash,
TX1896076364,734554461,2026-02-16T08:43:56Z,97333,XAF,Moov Money,
TX4450334249,250701565,2026-02-16T09:05:40Z,442400,SSP,Cash,
TX3214874209,283567944,2026-02-16T09:05:59Z,11333,KES,MPESA,
TX4754304472,298417155,2026-02-16T11:53:21Z,38042,KES,Cash,
TX7550564765,101796276,2026-02-17T09:01:47Z,"655,200",SSP,Cash,
TX2621455568,739048748,2026-02-17T09:16:15Z,5632,KES,M-PESA,
TX9007135031,295017351,2026-02-17T09:33:24Z,520800,SSP,m-Gurush,
TX9564579855,473824063,2026-02-17T13:52:18Z,9307.18,ETB,Telebirr,
TX7009254365,278975179,2026-02-18T09:31:37Z,"8,901.67",ETB,CBE Birr,
TX9926233993,382927932,2026-02-18T13:24:11Z,59618,XAF,Moov Money,
TX1185946404,835160920,2026-02-19T10:59:40Z,193581,RWF,Cash,
TX2376620822,742376294,2026-02-19T13:34:51Z,145658,XAF,Cash,
TX7561436429,653676617,2026-02-19T17:25:33+03:00,18133,KES,Cash,
TX8455007911,449541035,2026-02-19T15:57:25Z,375100,SSP,Cash,
TX6411418921,282533098,2026-02-20T05:53:02Z,514100,SSP,Bank,
TX7057840045,803606339,2026-02-20T07:26:18Z,13391.33,ETB,Cash,
TX5025266892,206908515,2026-02-20T08:54:37Z,148500,XAF,Cash,
TX2940895744,313956641,2026-02-20T08:58:27Z,307400,SSP,Bank,
TX1270894383,803606339,2026-02-20T12:26:18+03:00,-13391.33,ETB,Cash,TX7057840045
TX4562051841,495092299,2026-02-21T07:11:30Z,76718,RWF,Cash,
TX7789787528,451046085,2026-02-21T11:39:01Z,40883,KES,mpesa,
TX8873123326,223735881,2026-02-21T11:56:05Z,12720,KES,Bank,
TX1969408519,837317843,2026-02-21T16:28:59Z,336550,SSP,Bank,
TX2995692897,173443821,2026-02-22T05:31:21Z,134750,RWF,Airtel Money,
TX6383006591,857476053,2026-02-22T05:45:02Z,10777,KES,Bank,
TX8387817171,187465874,2026-02-22T09:42:27Z,420467,SSP,m-Gurush,
TX6839395264,780400293,2026-02-22T10:41:25Z,86800,XAF,Cash,
TX9121800201,417030080,2026-02-22T12:54:07Z,88667,XAF,Cash,
TX8407097164,160735279,2026-02-23T13:31:12Z,93417,RWF,Airtel Money,
TX6731400757,709226940,2026-02-23T15:08:53Z,110817,XAF,Moov Money,
TX3296978126,668419614,2026-02-23T18:35:33+02:00,432367,RWF,MTN MoMo,
TX6104791674,823229281,2026-02-24T04:16:19Z,6890.00,ETB,Cash,
TX6675809933,322085799,2026-02-24T04:39:25Z,3564.00,ETB,Cash,
TX3835021424,172316859,2026-02-24T05:08:43Z,1155467,SSP,Cash,
TX6783855181,374355641,2026-02-24T05:35:17Z,34742,KES,M-Pesa,
TX6265780377,854765866,2026-02-24T07:43:10Z,109017,RWF,MTN MoMo,
TX7075054150,758886379,2026-02-24T08:39:19Z,101017,XAF,Moov Money,
TX4084891431,406373828,2026-02-24T11:38:47Z,20067,KES,mpesa,
TX4177370763,499129104,2026-02-25T05:22:16Z,27383,KES,mpesa,
TX7444940764,689490288,2026-02-25T07:38:19Z,107767,XAF,Cash,
TX9495307135,908075588,2026-02-25T10:28:44Z,206500,SSP,m-Gurush,
TX8714897660,647704848,2026-02-25T13:39:07+02:00,1018733,SSP,m-Gurush,
TX6879847967,815362635,2026-02-25T12:55:10Z,"3,650",KES,M-PESA,
TX8279758303,223606654,2026-02-25T15:35:28Z,12717,KES,M-Pesa,
TX3759386332,702329558,2026-02-26T05:55:38Z,122850,RWF,MTN MoMo,
TX6313674610,457579815,2026-02-26T08:42:31Z,9999.33,ETB,telebirr,
TX5559901701,931517601,2026-02-26T12:08:31Z,3501.43,ETB,Cash,
TX5560158436,678874247,2026-02-26T14:40:33Z,162975,RWF,MoMo,
TX9001875304,676910573,2026-02-26T15:02:42Z,"377,072",RWF,Airtel Money,
TX4274360761,447086275,2026-02-26T15:35:29Z,19544.00,ETB,telebirr,
TX7977774681,510769386,2026-02-27T05:12:29Z,169333,RWF,MTN MoMo,
TX3860518156,746233843,2026-02-27T07:22:56Z,40250,XAF,Moov Money,
TX7082489133,359025439,2026-02-27T10:26:50Z,103500,RWF,Airtel Money,
TX9100617020,943172523,2026-02-27T11:06:26Z,38088,KES,mpesa,
TX5915008794,417914731,2026-02-27T15:25:23Z,22293,KES,M-Pesa,
TX6663000084,744829152,2026-02-27T17:33:16Z,196200,XAF,Cash,
TX4962123695,863810049,2026-02-28T04:36:29Z,9313.33,ETB,CBE Birr,
TX1588192823,500145514,2026-02-28T06:07:03Z,33761,KES,Cash,
TX7368262070,793007553,2026-02-28T06:42:07Z,462822,SSP,Bank,
TX9744213282,699756310,2026-02-28T12:15:57+03:00,13957,KES,M-Pesa,
TX2216518003,229339558,2026-02-28T10:36:36Z,218803,RWF,Cash,
TX4155584303,147064988,2026-02-28T11:03:09Z,330917,SSP,Bank,
TX4027334567,609017214,2026-02-28T13:03:53Z,54250,XAF,Airtel Money,
TX4144722558,772679140,2026-02-28T14:39:14Z,19250,KES,Cash,
TX2803996667,486322343,2026-02-28T15:09:38Z,"48,142",XAF,Airtel Money,
TX4427730083,940297144,2026-02-28T15:47:58Z,58300,XAF,Airtel Money,
TX1304395867,902363855,2026-02-28T17:30:00Z,207100,XAF,Cash,
TX8658889519,413004225,2026-02-28T21:29:39Z,8555,KES,M-Pesa,
TX6312962251,343401559,2026-02-28T21:56:21Z,10031,RWF,MTN MoMo,
TX4348345196,275585993,2026-02-28T22:50:53Z,149680,RWF,MTN MoMo,
TX7028876562,128979605,2026-02-28T22:55:14Z,7396,KES,M-Pesa,
TX7259394793,128979605,2026-03-01T04:55:56Z,13431,KES,MPESA,
TX8795286155,799570287,2026-03-01T05:44:43Z,125875,RWF,MoMo,
TX6924536031,937023093,2026-03-01T11:04:48Z,99028,RWF,Cash,
TX8641877484,830734832,2026-03-01T11:58:54Z,547867,RWF,Airtel Money,
TX9981714004,993447925,2026-03-01T13:34:57Z,15535.67,ETB,CBE Birr,
TX1895591775,298608782,2026-03-01T14:44:42Z,15225.00,ETB,CBE Birr,
TX5203071195,547190435,2026-03-02T06:29:41Z,46383,KES,MPESA,
TX6647168900,211932292,2026-03-02T09:17:58Z,10908,KES,mpesa,
TX7528050680,772125604,2026-03-02T09:52:53Z,283550,SSP,m-Gurush,
TX8846339893,980383599,2026-03-02T10:30:17Z,27600,KES,Cash,
TX7550776416,894286190,2026-03-02T13:33:50Z,7933,KES,Bank,
TX8637988534,691803136,2026-03-02T14:36:54Z,223450,XAF,Cash,
TX9744226938,413004225,2026-03-03T05:20:29Z,19043,KES,mpesa,
TX6913662334,998591232,2026-03-03T05:32:18Z,83256,RWF,Airtel Money,
TX2043757535,549780354,2026-03-03T07:13:22Z,7560.00,ETB,Cash,
TX9069673273,447902452,2026-03-03T08:08:30Z,374267,RWF,MTN MoMo,
TX3068378149,574049895,2026-03-03T08:16:29Z,640476,SSP,Cash,
TX7300426040,338067079,2026-03-03T09:51:58Z,1079833,SSP,Cash,
TX5008595173,958306121,2026-03-03T12:08:10Z,201400,RWF,MTN MoMo,
TX9746259647,932753965,2026-03-03T12:49:45Z,7730.56,ETB,Cash,
TX1601355454,286478579,2026-03-03T13:39:03Z,31050,XAF,Moov Money,
TX5660804595,215328556,2026-03-03T16:01:00Z,236389,SSP,m-Gurush,
TX2249996345,750976104,2026-03-04T06:05:06Z,825698,SSP,Bank,
TX8643380984,613530944,2026-03-04T06:05:47Z,48414,KES,Bank,
TX2875108864,330372269,2026-03-04T06:36:48Z,28068,KES,M-PESA,
TX5616700825,677446274,2026-03-04T07:28:03Z,17877,KES,MPESA,
TX8508380310,171598785,2026-03-04T07:46:40Z,5635.00,ETB,CBE Birr,
TX9868744466,960883627,2026-03-04T08:08:44Z,472267,SSP,Bank,
TX5034990377,426299978,2026-03-04T08:28:41Z,556150,SSP,m-Gurush,
TX5989021468,631423004,2026-03-04T08:32:49Z,"40,875",RWF,Cash,
TX3010105387,414016546,2026-03-04T10:18:33Z,23958,KES,M-Pesa,
TX5107968959,217219653,2026-03-04T12:37:17Z,129800,XAF,Cash,
TX7321571087,981427097,2026-03-04T12:41:05Z,157989,RWF,MTN MoMo,
TX5630927290,445133733,2026-03-04T14:30:21Z,24833.83,ETB,Cash,
TX9324657110,764343627,2026-03-04T14:42:08Z,404000,SSP,m-Gurush,
TX2412661652,698439751,2026-03-04T14:43:39Z,6376.11,ETB,CBE Birr,
TX9351588306,668140577,2026-03-05T04:01:28Z,2849.44,ETB,CBE Birr,
TX4558604853,456344306,2026-03-05T05:18:24Z,564433,SSP,m-Gurush,
TX8302333992,581542805,2026-03-05T05:32:05Z,8690.00,ETB,CBE Birr,
TX6008611609,596763438,2026-03-05T05:32:27Z,19678,KES,Cash,
TX6157682610,755679474,2026-03-05T06:42:56Z,131156,XAF,Airtel Money,
TX8810861331,404738164,2026-03-05T09:30:29Z,22888,KES,MPESA,
TX5183435657,166710441,2026-03-05T09:36:00Z,8933,KES,Bank,
TX7110073457,494520739,2026-03-06T06:18:27Z,736000,SSP,m-Gurush,
TX6723037660,177755837,2026-03-06T06:43:24Z,33419,RWF,MTN MoMo,
TX3198086632,418764137,2026-03-06T10:31:18+03:00,20000,KES,mpesa,
TX5878486405,137191515,2026-03-06T08:28:49Z,295731,RWF,MTN MoMo,
TX1966298195,157641660,2026-03-06T08:53:18Z,145250,XAF,Moov Money,
TX8489315488,154284346,2026-03-06T10:24:26Z,23520,KES,Cash,
TX1119680533,688117175,2026-03-06T10:43:51Z,26506.67,ETB,Telebirr,
TX8902773802,417341422,2026-03-06T10:47:33Z,306800,ssp,m-Gurush,
TX2058707021,149510215,2026-03-06T11:42:00Z,148181,XAF,Cash,
TX9388678054,324838207,2026-03-06T11:48:33Z,186644,RWF,Cash,
TX5412214392,250985202,2026-03-06T13:18:44Z,1829.00,ETB,telebirr,
TX1890648660,531687483,2026-03-06T15:57:36Z,218167,SSP,m-Gurush,
TX3465447766,916273172,2026-03-07T04:42:30Z,10719.00,ETB,Telebirr,
TX4831056558,574390633,2026-03-07T07:09:56Z,317800,RWF,Airtel Money,
TX9043656243,498902026,2026-03-07T14:56:35Z,301583,RWF,MoMo,
TX3254981654,801725369,2026-03-07T18:55:14+01:00,90450,XAF,Moov Money,
TX9637380658,846473145,2026-03-08T05:44:40Z,49323,KES,M-Pesa,
TX2504232922,280734513,2026-03-08T06:11:15Z,72767,XAF,Airtel Money,
TX8409268202,725686429,2026-03-08T09:13:41Z,10800.00,ETB,Cash,
TX3766228412,784823783,2026-03-08T11:10:04Z,6270.00,ETB,telebirr,
TX2161253575,197839538,2026-03-08T11:11:02Z,6165.50,etb,Telebirr,
TX3170631193,176395108,2026-03-08T14:05:11Z,42000,KES,M-Pesa,
TX6376584148,515468579,2026-03-08T14:09:09Z,30883,XAF,Moov Money,
TX4472888869,218327973,2026-03-08T15:31:05Z,7560,KES,MPESA,
TX2195774310,970524937,2026-03-08T16:26:21Z,794500,SSP,Bank,
TX1975392694,389309868,2026-03-09T07:58:40Z,6307.00,ETB,Cash,
TX2484906936,112470581,2026-03-09T11:43:33Z,274000,SSP,Cash,
TX5127461657,848266510,2026-03-09T11:58:15Z,578667,SSP,m-Gurush,
TX8145661828,782816117,2026-03-09T13:21:35Z,376133,RWF,MoMo,
TX3970371232,307507392,2026-03-09T14:06:44Z,5673.33,ETB,CBE Birr,
TX1274588722,855419670,2026-03-09T15:09:39Z,118833,rwf,Airtel Money,
TX7613243069,327316660,2026-03-10T08:01:51+03:00,27560,KES,MPESA,
TX5229971340,588925039,2026-03-10T11:37:22Z,494790,SSP,Cash,
TX5561605844,648971734,2026-03-10T13:10:02Z,718111,SSP,Cash,
TX4738985148,989472891,2026-03-10T13:55:25Z,19200,KES,Bank,
TX8509870470,488252664,2026-03-10T14:36:50Z,206267,XAF,Airtel Money,
TX4319752920,413230655,2026-03-11T05:13:44Z,174033,RWF,Airtel Money,
TX3813114217,568563481,2026-03-11T07:09:46Z,70800,XAF,Cash,
TX1335979739,266964787,2026-03-11T07:46:18Z,159300,XAF,Moov Money,
TX7337515158,715716918,2026-03-11T08:35:15Z,12548,KES,M-PESA,
TX5913975282,349576704,2026-03-11T10:16:31+01:00,134500,XAF,Cash,
TX6280168114,605757240,2026-03-11T10:02:49Z,35924,KES,M-PESA,
TX4551494333,305613214,2026-03-11T10:07:43Z,46544,RWF,MoMo,
TX3822445400,504782610,2026-03-11T10:53:50Z,71300,SSP,m-Gurush,
TX5609911975,815311778,2026-03-11T11:05:39Z,679156,SSP,Bank,
TX6869762900,128473652,2026-03-11T11:06:14Z,17844.22,ETB,Telebirr,
TX6235189691,609324464,2026-03-11T11:44:57Z,10076,KES,Bank,
TX9315211506,839275392,2026-03-11T12:46:09Z,80117,XAF,Airtel Money,
TX7677471689,772200187,2026-03-11T13:31:48Z,503500,SSP,m-Gurush,
TX7440686702,840789146,2026-03-12T04:02:17Z,19507,KES,M-PESA,
TX4574585551,992367796,2026-03-12T05:51:09Z,13603,KES,Bank,
TX2245307221,390217963,2026-03-12T06:19:21Z,27919,KES,Cash,
TX5631178731,675203843,2026-03-12T09:02:51+02:00,323844,RWF,Airtel Money,
TX6297335236,378370939,2026-03-12T08:50:25Z,12250,KES,Cash,
TX6455778895,988747364,2026-03-12T09:54:04Z,1113617,SSP,m-Gurush,
TX3793945592,195202110,2026-03-12T11:10:15Z,253000,RWF,Airtel Money,
TX6955813173,722225759,2026-03-12T11:17:33Z,49333,XAF,Moov Money,
TX6393869324,159463025,2026-03-12T12:17:43Z,17640,KES,Cash,
TX8489055390,755344929,2026-03-12T12:48:52Z,364806,RWF,Airtel Money,
TX2268389507,762303282,2026-03-12T13:26:45Z,95375,XAF,Moov Money,
TX1625162134,473824063,2026-03-12T14:26:59Z,15013.89,ETB,telebirr,
TX1369915393,631716695,2026-03-12T15:42:47Z,355158,RWF,MoMo,
TX8702961178,482096458,2026-03-12T16:03:25Z,149500,XAF,Moov Money,
TX6667352373,138383353,2026-03-12T16:48:11Z,706068,SSP,Cash,
TX4709738897,248556384,2026-03-13T05:20:33Z,8197.22,ETB,telebirr,
TX2251639514,558541586,2026-03-13T05:29:33Z,3417.61,ETB,telebirr,
TX2158626520,298417155,2026-03-13T07:09:22Z,38042,KES,Bank,
TX5186352225,589721030,2026-03-13T08:34:23Z,437733,RWF,MTN MoMo,
TX4094195986,949326248,2026-03-13T09:17:18Z,36711,XAF,Airtel Money,
TX3619076351,840938529,2026-03-13T09:53:06Z,357533,SSP,m-Gurush,
TX3627229838,758588865,2026-03-13T13:45:43Z,484950,SSP,Cash,
TX8462109809,743722654,2026-03-13T16:46:57Z,194333,RWF,Airtel Money,
TX4850868120,905670543,2026-03-14T04:31:20Z,25433,KES,M-PESA,
TX1207063203,119480668,2026-03-14T06:44:32Z,115217,XAF,Cash,
TX5416389158,496887430,2026-03-14T07:00:33Z,41075,XAF,Airtel Money,
TX6588988397,615328042,2026-03-14T07:39:31Z,12574.83,ETB,CBE Birr,
TX9890700780,775522883,2026-03-14T07:55:28Z,23993,KES,Bank,
TX3681724494,678590332,2026-03-14T11:09:16Z,629333,SSP,Cash,
TX9978181381,559957483,2026-03-14T11:44:32Z,37333,XAF,Moov Money,
TX8505256405,206908515,2026-03-14T13:06:29Z,148500,XAF,Cash,
TX3316443430,733784078,2026-03-14T13:41:53Z,76667,RWF,Airtel Money,
TX7995191286,256105096,2026-03-14T14:36:03Z,437000,SSP,Bank,
TX8465321879,479643855,2026-03-14T15:43:58Z,6489.33,ETB,Telebirr,
TX6791603782,748235096,2026-03-15T08:07:38Z,"19,710",KES,MPESA,
TX5807194609,295017351,2026-03-15T09:33:45Z,520800,SSP,m-Gurush,
TX1636233563,952162054,2026-03-15T10:49:22Z,307400,SSP,Bank,
TX9693004316,850559321,2026-03-15T11:08:39Z,153972,XAF,Moov Money,
TX6086637562,283567944,2026-03-15T15:29:43Z,11333,KES,Cash,
TX4704274213,906984616,2026-03-15T15:36:39Z,3710.00,ETB,telebirr,
TX3200336051,526307354,2026-03-16T06:25:32Z,26546.67,ETB,Telebirr,
TX2163532633,101796276,2026-03-16T07:09:32Z,655200,SSP,Cash,
TX4640914951,198462606,2026-03-16T08:16:41Z,22290.50,ETB,Telebirr,
TX1366352492,656845543,2026-03-16T10:29:45+02:00,44722,RWF,MTN MoMo,
TX3414939960,275585993,2026-03-16T08:59:02Z,369733,RWF,MTN MoMo,
TX7313758752,386591847,2026-03-16T09:10:42Z,12262.17,ETB,Telebirr,
TX3351631151,739048748,2026-03-16T09:53:17Z,5632,KES,Bank,
TX7935653557,168748108,2026-03-16T10:06:55Z,52708,KES,Bank,
TX4146697981,361580969,2026-03-16T10:54:23Z,44000,XAF,Airtel Money,
TX8011887157,253443516,2026-03-16T12:04:13Z,829500,SSP,Cash,
TX9840233456,644714212,2026-03-16T14:34:04Z,78819,XAF,Moov Money,
TX5663034528,458182472,2026-03-16T14:50:21Z,916828,SSP,m-Gurush,
TX5033554722,198197446,2026-03-16T15:14:19Z,396900,SSP,Cash,
TX8488359934,742376294,2026-03-16T16:08:59Z,145658,XAF,Cash,
TX2269706081,495092299,2026-03-17T05:39:19Z,124000,RWF,Airtel Money,
TX4624680999,442286307,2026-03-17T08:19:31Z,17876.00,ETB,CBE Birr,
TX1468300492,803606339,2026-03-17T08:23:23Z,13391.33,ETB,Telebirr,
TX4859026029,173443821,2026-03-17T10:39:28Z,134750,RWF,Airtel Money,
TX3562428121,995313234,2026-03-17T10:48:44Z,433275,RWF,MoMo,
TX4983305321,508155602,2026-03-17T12:20:58Z,376944,RWF,MTN MoMo,
TX1917777408,995558978,2026-03-17T12:22:05Z,66150,XAF,Airtel Money,
TX5960052503,661899962,2026-03-17T13:12:24Z,16697.11,ETB,Cash,
TX1804808118,138436777,2026-03-17T14:28:17Z,224367,RWF,MTN MoMo,
TX4948207869,496998281,2026-03-17T14:34:30Z,791467,SSP,Bank,
TX6609158198,835160920,2026-03-18T06:15:07Z,193581,RWF,MTN MoMo,
TX5201986157,117300459,2026-03-18T06:19:59Z,17225,KES,M-PESA,
TX5219214958,738586459,2026-03-18T06:56:13Z,"7,553",KES,M-Pesa,
TX1376850648,628156964,2026-03-18T08:50:57Z,4225,KES,Bank,
TX2844205521,230273571,2026-03-18T12:53:28Z,18815.78,ETB,CBE Birr,
TX4478705939,815928712,2026-03-18T14:19:09Z,45326,KES,Cash,
TX1847266243,847425828,2026-03-18T15:35:34Z,152744,XAF,Moov Money,
TX3271170940,935736068,2026-03-18T16:40:49Z,1191709,SSP,Cash,
TX3179813259,653676617,2026-03-19T04:18:44Z,18133,KES,M-Pesa,
TX1442383566,601225530,2026-03-19T05:19:47Z,5656.00,ETB,Telebirr,
TX2844772173,652741509,2026-03-19T05:50:01Z,141333,SSP,Bank,
TX4596968412,449541035,2026-03-19T09:47:01Z,375100,SSP,m-Gurush,
TX1062446874,953731995,2026-03-19T10:42:19Z,18487,KES,MPESA,
TX2850153277,889160962,2026-03-19T11:09:48Z,224000,SSP,Bank,
TX7035035517,858472307,2026-03-19T12:03:45Z,150867,XAF,Cash,
TX1059072541,183792384,2026-03-19T14:55:55Z,383167,SSP,m-Gurush,
TX4201625768,563311072,2026-03-20T04:33:30Z,11505.00,ETB,Telebirr,
TX1803096231,406373828,2026-03-20T05:32:41Z,20067,KES,M-Pesa,
TX1863146249,223735881,2026-03-20T05:49:37Z,12720,KES,Bank,
TX3787982325,260746819,2026-03-20T07:29:48Z,23411.67,ETB,Telebirr,
TX9373926457,863364263,2026-03-20T08:01:21Z,80711,SSP,m-Gurush,
TX9348884515,988553238,2026-03-20T08:15:03Z,9046.67,ETB,CBE Birr,
TX3495250124,417030080,2026-03-20T08:53:11Z,88667,XAF,Moov Money,
TX9411739393,213129616,2026-03-20T09:24:42Z,212857,RWF,MoMo,
TX5773357387,278975179,2026-03-20T09:34:32Z,8901.67,ETB,Cash,
TX3098254625,196506181,2026-03-20T10:13:26Z,205517,RWF,Airtel Money,
TX7591519994,618812839,2026-03-20T12:32:02Z,96354,RWF,MoMo,
TX2622738814,382927932,2026-03-20T14:28:01+01:00,66291,XAF,Cash,
TX2623378589,292242469,2026-03-20T14:17:51Z,338922,RWF,MoMo,
TX7607139575,250701565,2026-03-20T16:01:02Z,"442,400",SSP,Bank,
TX5660346325,737574500,2026-03-20T16:05:36Z,554083,SSP,Cash,
TX1049429778,952280977,2026-03-20T16:29:13Z,203878,RWF,MoMo,
TX8760807389,837317843,2026-03-21T05:07:35Z,336550,SSP,m-Gurush,
TX1271236749,486432343,2026-03-21T10:36:08+03:00,15235.00,ETB,Telebirr,
TX1098672529,187465874,2026-03-21T09:18:51Z,420467,SSP,Bank,
TX1245914209,629904719,2026-03-21T10:09:20Z,17025,XAF,Airtel Money,
TX9025806680,815362635,2026-03-21T12:26:43Z,3650,KES,Bank,
TX3584781965,744002865,2026-03-21T13:08:51Z,68900,XAF,Moov Money,
TX6124387715,823229281,2026-03-22T10:21:45Z,6890.00,ETB,Telebirr,
TX2101698141,526987256,2026-03-22T15:33:49Z,166133,XAF,Cash,
TX1296853159,313956641,2026-03-22T16:35:34Z,307400,SSP,m-Gurush,
TX4851814556,455413760,2026-03-23T08:03:16Z,100956,RWF,MTN MoMo,
TX5646554461,758886379,2026-03-23T10:23:30+01:00,101017,XAF,Moov Money,
TX8022093381,534023535,2026-03-23T10:42:47Z,27472,KES,Bank,
TX4580761335,343401559,2026-03-23T11:32:37Z,84000,RWF,MoMo,
TX1269868869,857476053,2026-03-23T11:41:58Z,10777,kes,Cash,
TX5187093140,688751832,2026-03-23T12:45:03Z,7980.00,ETB,Telebirr,
TX9144743963,466874796,2026-03-23T13:33:36Z,3474,KES,M-Pesa,
TX2253188248,282533098,2026-03-23T13:40:21Z,514100,SSP,m-Gurush,
TX7456644187,322085799,2026-03-23T15:19:13Z,3564.00,ETB,Cash,
TX8303569389,689490288,2026-03-23T18:52:16+01:00,107767,XAF,Moov Money,
TX4640179457,505069599,2026-03-24T05:03:11Z,"225,250",RWF,Cash,
TX2874282159,668419614,2026-03-24T06:15:38Z,432367,RWF,Airtel Money,
TX1638149276,780400293,2026-03-24T06:22:31Z,86800,XAF,Moov Money,
TX5537236573,457579815,2026-03-24T09:17:38Z,9999.33,ETB,Cash,
TX2095312129,647704848,2026-03-24T09:22:03Z,1018733,SSP,m-Gurush,
TX9348704841,908075588,2026-03-24T10:50:06Z,206500,SSP,m-Gurush,
TX7728547858,692277358,2026-03-24T11:28:24Z,6031.11,ETB,CBE Birr,
TX6163135415,770365974,2026-03-24T12:23:06Z,312700,RWF,MTN MoMo,
TX9375319182,374355641,2026-03-24T15:44:17+03:00,34742,KES,M-PESA,
TX7197382539,677267370,2026-03-24T13:38:06Z,"60,067",XAF,Moov Money,
TX8193657605,489124720,2026-03-24T15:08:58Z,29867,XAF,Moov Money,
TX7759686957,519370419,2026-03-24T15:16:27Z,402511,SSP,Bank,
TX4278598562,378964731,2026-03-24T17:40:34Z,35000,XAF,Moov Money,
TX7716775145,160735279,2026-03-25T05:21:36Z,93417,RWF,Airtel Money,
TX9969541406,447086275,2026-03-25T07:49:34Z,19544.00,ETB,telebirr,
TX7324710524,499129104,2026-03-25T08:59:40Z,27383,KES,Bank,
TX6406610459,993447925,2026-03-25T12:53:10Z,13832.49,ETB,Cash,
TX9290777261,709226940,2026-03-25T15:30:54Z,110817,XAF,Airtel Money,
TX3459348366,451046085,2026-03-26T04:21:44Z,40883,KES,MPESA,
TX5143885772,510769386,2026-03-26T06:45:09Z,169333,RWF,MTN MoMo,
TX7104922286,702329558,2026-03-26T07:22:31Z,122850,RWF,MTN MoMo,
TX4708258064,256042616,2026-03-26T07:26:46Z,574067,SSP,Bank,
TX7757598044,764343627,2026-03-26T07:40:26Z,404000,SSP,Cash,
TX3757423484,699756310,2026-03-26T07:58:18Z,13957,KES,MPESA,
TX8441891175,909861273,2026-03-26T10:11:45Z,308239,RWF,MoMo,
TX6771121739,237705265,2026-03-26T11:51:06Z,11013.33,ETB,CBE Birr,
TX1526834538,702807804,2026-03-26T12:11:39Z,113950,XAF,Moov Money,
TX5566426009,172316859,2026-03-26T14:05:01Z,1155467,SSP,Cash,
TX2237456026,459463351,2026-03-26T14:55:53Z,87083,XAF,Cash,
TX4186054381,836275591,2026-03-26T16:50:01Z,88333,XAF,Cash,
TX3684260034,854765866,2026-03-27T05:02:44Z,109017,RWF,MoMo,
TX6217306884,359025439,2026-03-27T06:02:15Z,103500,RWF,Airtel Money,
TX3227092219,676910573,2026-03-27T08:51:06Z,377072,RWF,Cash,
TX7425218408,217710384,2026-03-27T10:24:09Z,456892,RWF,MoMo,
TX7060801583,547190435,2026-03-27T10:53:44Z,46383,KES,M-Pesa,
TX7247222729,417914731,2026-03-27T10:57:56Z,22293,kes,Bank,
TX2389994327,931517601,2026-03-27T11:36:58Z,4795.00,ETB,Cash,
TX4065029805,573956880,2026-03-27T15:58:29Z,1327333,SSP,Cash,
TX5596415656,211932292,2026-03-28T05:08:38Z,10908,KES,mpesa,
TX1171557792,440536085,2026-03-28T10:44:10Z,118800,RWF,Cash,
TX7763222217,147064988,2026-03-28T15:29:39Z,330917,SSP,Cash,
TX7848309902,960883627,2026-03-28T16:15:09Z,472267,ssp,m-Gurush,
TX6423755185,223606654,2026-03-29T05:11:57Z,12717,KES,Bank,
TX5929317191,863810049,2026-03-29T05:42:12Z,5376.84,ETB,Cash,
TX3192927354,581159355,2026-03-29T08:25:02Z,19440,KES,M-PESA,
TX3427279120,902363855,2026-03-29T09:44:43Z,207100,XAF,Airtel Money,
TX4180512305,486322343,2026-03-29T10:27:57Z,48142,XAF,Cash,
TX3449693892,579169693,2026-03-29T12:32:49Z,57231,XAF,Moov Money,
TX9776044195,691803136,2026-03-29T13:18:08Z,223450,XAF,Cash,
TX7646960123,772679140,2026-03-29T14:19:19Z,19250,KES,M-Pesa,
TX4982818866,613530944,2026-03-30T04:32:18Z,48414,KES,M-Pesa,
TX6477241057,500145514,2026-03-30T05:34:25Z,33761,KES,M-Pesa,
TX1539667683,166710441,2026-03-30T05:38:01Z,8933,KES,MPESA,
TX2222155100,286478579,2026-03-30T08:03:30+01:00,31050,XAF,Cash,
TX5784668176,744829152,2026-03-30T08:55:08Z,196200,XAF,Airtel Money,
TX7795201990,937023093,2026-03-31T08:24:17Z,99028,RWF,Cash,
TX5501519607,581542805,2026-03-31T12:16:02Z,8690.00,ETB,Telebirr,
TX5900578701,494242419,2026-03-31T12:20:00Z,41333,XAF,Cash,
TX3499721540,326310942,2026-03-31T12:26:12Z,39333,XAF,Airtel Money,
TX5901125185,264469978,2026-03-31T15:15:52Z,196000,RWF,MTN MoMo,
TX2997118415,998591232,2026-03-31T15:32:36Z,83256,RWF,Airtel Money,
TX6242767079,449541035,2026-03-31T21:11:54Z,260525,SSP,m-Gurush,
TX2878962472,772125604,2026-03-31T22:44:35Z,43940,SSP,m-Gurush,
TX3503511092,324838207,2026-04-01T05:05:29Z,186644,RWF,Airtel Money,
TX8131444961,793007553,2026-04-01T05:20:04Z,462822,SSP,Bank,
TX2951015437,746233843,2026-04-01T06:07:19Z,40250,XAF,Airtel Money,
TX4116354540,932753965,2026-04-01T07:34:16Z,5339.85,ETB,Cash,
TX4212165424,799570287,2026-04-01T08:03:26Z,125875,RWF,MoMo,
TX7632138280,333859175,2026-04-01T08:21:07Z,2180.00,ETB,CBE Birr,
TX3621741779,981427097,2026-04-01T08:59:26Z,157989,RWF,Airtel Money,
TX2142620060,735875101,2026-04-01T09:53:48Z,658933,SSP,Cash,
TX7721646981,338067079,2026-04-01T13:41:28Z,1079833,SSP,Cash,
TX9572717902,226520847,2026-04-01T13:43:42Z,121389,RWF,MoMo,
TX9436668649,772125604,2026-04-01T16:42:48Z,174614,SSP,Bank,
TX6769790983,505766440,2026-04-01T16:49:02Z,588000,SSP,m-Gurush,
TX3405179146,229339558,2026-04-02T05:15:43Z,218803,RWF,MoMo,
TX1575282567,678874247,2026-04-02T06:17:09Z,162975,RWF,Airtel Money,
TX6779308003,631423004,2026-04-02T06:29:19Z,40875,RWF,Airtel Money,
TX3666660893,738293456,2026-04-02T06:31:40Z,9977.56,ETB,Telebirr,
TX3677566257,515468579,2026-04-02T07:43:01Z,"30,883",XAF,Moov Money,
TX8687876383,750976104,2026-04-02T07:56:11Z,1484000,SSP,m-Gurush,
TX4894175252,609017214,2026-04-02T07:58:01Z,54250,XAF,Cash,
TX5593985147,157641660,2026-04-02T10:22:44Z,145250,XAF,Moov Money,
TX9236057153,445133733,2026-04-02T11:21:07Z,24833.83,ETB,Cash,
TX1486973542,426299978,2026-04-02T12:49:50Z,556150,SSP,m-Gurush,
TX5600895864,417341422,2026-04-03T07:25:37Z,306800,SSP,Bank,
TX5347315719,668140577,2026-04-03T07:57:51Z,"2,849.44",ETB,Cash,
TX3564373700,562712313,2026-04-03T08:54:36Z,10976.00,ETB,Telebirr,
TX7241444645,413004225,2026-04-03T12:29:17Z,19043,KES,Bank,
TX1093873472,980383599,2026-04-03T13:21:27Z,27600,KES,Cash,
TX9387667261,217219653,2026-04-03T13:38:27Z,129800,XAF,Airtel Money,
TX9442599605,549780354,2026-04-04T04:36:02Z,7560.00,ETB,Telebirr,
TX3870054361,574390633,2026-04-04T06:19:43Z,317800,RWF,MTN MoMo,
TX9948606651,698439751,2026-04-04T06:40:08Z,6376.11,ETB,Cash,
TX5608294524,176395108,2026-04-04T06:46:54Z,42000,KES,Cash,
TX2664493981,414016546,2026-04-04T08:19:23Z,23958,KES,Bank,
TX8972284530,418764137,2026-04-04T10:55:54Z,20000,KES,Bank,
TX7120068519,574049895,2026-04-04T11:27:28Z,802400,SSP,m-Gurush,
TX8079472165,927185794,2026-04-04T12:05:27Z,10476.00,ETB,telebirr,
TX6983485895,955998891,2026-04-04T13:02:42Z,137592,XAF,Cash,
TX9631531071,137191515,2026-04-04T15:16:29Z,295731,RWF,MTN MoMo,
TX9991529756,128979605,2026-04-04T15:38:56Z,13431,KES,MPESA,
TX9475517587,488091483,2026-04-05T07:32:01Z,9381.00,ETB,Cash,
TX5018189079,330372269,2026-04-05T07:41:14Z,28068,KES,mpesa,
TX9612559606,304132227,2026-04-05T07:56:39Z,19869,KES,Cash,
TX5489644433,154284346,2026-04-05T08:28:57Z,23520,KES,Cash,
TX4853984611,441969169,2026-04-05T08:52:14Z,88667,RWF,Cash,
TX5006413970,958306121,2026-04-05T09:03:28Z,201400,RWF,Airtel Money,
TX7148394271,456344306,2026-04-05T09:32:51Z,564433,SSP,Cash,
TX9833554356,830734832,2026-04-05T09:47:56Z,547867,RWF,Cash,
TX9716794101,447902452,2026-04-05T11:09:46Z,374267,RWF,MoMo,
TX1727732493,943172523,2026-04-05T12:14:51Z,38088,KES,M-PESA,
TX3365060203,404738164,2026-04-05T12:44:50Z,22888,KES,MPESA,
TX1730338242,588925039,2026-04-05T12:58:46Z,625400,SSP,m-Gurush,
TX9037825652,531687483,2026-04-05T13:18:50Z,218167,SSP,m-Gurush,
TX2101949756,112470581,2026-04-05T13:21:31Z,274000,SSP,m-Gurush,
TX3325049572,215328556,2026-04-05T14:27:21Z,236389,SSP,Bank,
TX7465245525,570505900,2026-04-06T10:02:22+02:00,189456,RWF,MTN MoMo,
TX7138058709,677446274,2026-04-06T09:29:34Z,17877,KES,Bank,
TX9426402998,725686429,2026-04-06T09:50:38Z,"10,800.00",ETB,Telebirr,
TX5268256157,580386853,2026-04-06T10:03:47Z,106950,XAF,Cash,
TX1642325415,349576704,2026-04-06T11:00:06Z,134500,XAF,Airtel Money,
TX7803043772,700981897,2026-04-06T11:22:20Z,910150,SSP,Cash,
TX7995956476,854598637,2026-04-06T11:40:19Z,10891.50,ETB,telebirr,
TX6596149648,382359497,2026-04-06T13:42:30+02:00,518933,RWF,MTN MoMo,
TX4855202596,755679474,2026-04-06T12:09:20Z,131156,XAF,Moov Money,
TX4244033590,916273172,2026-04-06T13:24:02Z,10719.00,ETB,CBE Birr,
TX2982404202,940297144,2026-04-06T14:10:20Z,58300,XAF,Moov Money,
TX7374695069,801725369,2026-04-06T15:45:35Z,90450,XAF,Airtel Money,
TX1341593165,990422559,2026-04-06T16:59:32Z,427533,SSP,Bank,
TX5629070347,171598785,2026-04-07T04:10:40Z,5635.00,ETB,CBE Birr,
TX9721290697,292670672,2026-04-07T08:26:46Z,1161067,SSP,Cash,
TX5695063688,848266510,2026-04-07T09:05:51Z,578667,SSP,m-Gurush,
TX6284635114,498902026,2026-04-07T10:12:39Z,301583,RWF,Cash,
TX5384602025,596763438,2026-04-07T11:05:39Z,19678,kes,Cash,
TX1081547619,411152330,2026-04-07T14:05:31Z,16760.17,ETB,Cash,
TX1680954582,894286190,2026-04-07T14:12:24Z,6058,KES,M-Pesa,
TX4875630847,689832737,2026-04-07T14:47:28Z,176217,XAF,Cash,
TX3225469888,358074733,2026-04-07T16:30:18Z,267667,XAF,Airtel Money,
TX2659977202,758588865,2026-04-08T05:12:31Z,484950,SSP,Bank,
TX7928403022,307507392,2026-04-08T06:32:09Z,5673.33,ETB,telebirr,
TX5257156125,846473145,2026-04-08T07:22:11Z,49323,KES,Cash,
TX5610947438,305613214,2026-04-08T08:06:19Z,46544,RWF,MTN MoMo,
TX6246100647,605757240,2026-04-08T09:05:36Z,35924,KES,Cash,
TX9605523197,266964787,2026-04-08T09:44:35Z,159300,XAF,Moov Money,
TX8831679643,197839538,2026-04-08T10:19:00Z,6165.50,ETB,Cash,
TX1758408020,631716695,2026-04-08T10:33:45Z,355158,RWF,MoMo,
TX6041946584,930273679,2026-04-08T11:53:09Z,84972,XAF,Airtel Money,
TX6215898367,734714896,2026-04-08T12:15:44Z,148156,XAF,Airtel Money,
TX2286705610,149510215,2026-04-08T14:18:53Z,148181,XAF,Airtel Money,
TX7260958618,198103161,2026-04-08T14:45:31Z,22275,KES,MPESA,
TX5205095973,648971734,2026-04-08T16:58:32+02:00,718111,SSP,Bank,
TX5378869415,918929170,2026-04-08T15:26:13Z,18948,KES,M-Pesa,
TX5880190255,688561997,2026-04-09T05:32:51Z,266498,RWF,Airtel Money,
TX5590424445,784823783,2026-04-09T06:33:21Z,6270.00,ETB,Telebirr,
TX9074816341,970524937,2026-04-09T08:06:02Z,794500,ssp,Bank,
TX2704544167,327316660,2026-04-09T09:58:43Z,27560,KES,Cash,
TX8855913604,984947412,2026-04-09T13:19:19Z,61411,XAF,Cash,
TX2199372423,177755837,2026-04-09T14:30:04Z,33419,RWF,MTN MoMo,
TX4500341843,191035460,2026-04-09T15:05:00Z,3226.67,ETB,Cash,
TX5181513056,256105096,2026-04-09T15:26:18Z,437000,SSP,m-Gurush,
TX2978042571,128473652,2026-04-10T04:52:40Z,17844.22,ETB,Cash,
TX3044567176,672965871,2026-04-10T05:22:03Z,321067,SSP,Bank,
TX3127967801,857733123,2026-04-10T05:31:20Z,661889,SSP,m-Gurush,
TX4988515237,793553762,2026-04-10T06:28:56Z,68250,XAF,Cash,
TX1545680914,389309868,2026-04-10T07:45:17Z,6307.00,ETB,CBE Birr,
TX1488943890,992040540,2026-04-10T07:45:49Z,528378,SSP,m-Gurush,
TX4066712006,494520739,2026-04-10T08:39:06Z,736000,SSP,Bank,
TX8301871586,855419670,2026-04-10T09:37:37Z,118833,RWF,Cash,
TX1723081118,250985202,2026-04-10T09:43:23Z,1829.00,ETB,Cash,
TX3506593305,688117175,2026-04-10T10:38:25Z,20475.53,ETB,telebirr,
TX4806194693,992367796,2026-04-10T12:25:03Z,11515,KES,Bank,
TX4647341918,504782610,2026-04-10T12:39:46Z,71300,SSP,Cash,
TX3087565779,810591886,2026-04-10T14:56:35Z,5565,KES,mpesa,
TX1805429307,471918215,2026-04-10T16:58:19Z,42400,XAF,Moov Money,
TX4332294979,762303282,2026-04-10T17:53:00Z,95375,XAF,Airtel Money,
TX3819337338,138383353,2026-04-11T06:05:30Z,550539,SSP,Bank,
TX5624142476,989472891,2026-04-11T08:36:35Z,19200,KES,M-Pesa,
TX6365289518,824626321,2026-04-11T08:46:30Z,19980,KES,M-Pesa,
TX9076857739,589721030,2026-04-11T08:49:33Z,437733,RWF,MoMo,
TX6662536540,840789146,2026-04-11T09:12:48Z,19507,KES,M-Pesa,
TX4354061492,101905184,2026-04-11T09:43:24Z,41627,KES,M-Pesa,
TX6624899053,981954296,2026-04-11T10:13:17Z,81342,XAF,Moov Money,
TX2127574869,204483756,2026-04-11T11:33:59Z,494667,SSP,Bank,
TX7091155205,674635998,2026-04-11T14:02:55+02:00,"1,010,167",SSP,Bank,
TX1074349991,782816117,2026-04-11T12:55:14Z,376133,RWF,MTN MoMo,
TX2681228846,552012226,2026-04-11T14:48:07Z,8154.00,ETB,Cash,
TX2665824916,280734513,2026-04-11T15:21:49Z,72767,XAF,Moov Money,
TX5258905660,458182472,2026-04-11T15:30:58Z,916828,SSP,m-Gurush,
TX2339531863,743722654,2026-04-11T15:51:03Z,194333,RWF,MoMo,
TX9128786256,894182494,2026-04-12T06:31:21Z,234267,XAF,Cash,
TX5087368697,283567944,2026-04-12T07:49:30Z,11333,KES,M-Pesa,
TX1223140205,995558978,2026-04-12T08:58:02Z,66150,XAF,Cash,
TX9171333171,248556384,2026-04-12T10:15:01Z,8197.22,ETB,CBE Birr,
TX1947190446,615328042,2026-04-12T12:24:18Z,12574.83,ETB,Cash,
TX3794702741,815311778,2026-04-12T12:49:08Z,430206,SSP,m-Gurush,
TX2126998915,298417155,2026-04-13T04:00:20Z,38042,KES,M-Pesa,
TX9752370219,960105737,2026-04-13T05:06:41Z,338250,RWF,Airtel Money,
TX2679095070,482096458,2026-04-13T06:01:30Z,149500,XAF,Cash,
TX3352739173,559957483,2026-04-13T06:24:55Z,37333,XAF,Moov Money,
TX3293957590,839275392,2026-04-13T07:33:43Z,80117,XAF,Cash,
TX9502108639,231310643,2026-04-13T07:50:15Z,181333,RWF,MTN MoMo,
TX2097235676,218327973,2026-04-13T11:13:46Z,7560,KES,mpesa,
TX3580874947,378370939,2026-04-13T11:15:39Z,12250,KES,M-Pesa,
TX4203296645,949326248,2026-04-13T11:31:43Z,36711,XAF,Airtel Money,
TX8354414589,850559321,2026-04-13T11:48:03Z,153972,XAF,Cash,
TX2173826642,775522883,2026-04-13T12:16:05Z,23993,KES,M-Pesa,
TX3455682225,215369201,2026-04-13T12:16:50Z,207100,SSP,Cash,
TX2901578610,488252664,2026-04-13T12:41:11Z,206267,XAF,Cash,
TX5882838256,742726969,2026-04-13T13:01:23Z,91122,XAF,Moov Money,
TX2541251167,988747364,2026-04-13T13:10:32Z,1113617,SSP,Cash,
TX7447108290,435025473,2026-04-13T13:46:49Z,13417,XAF,Cash,
TX4865887868,905670543,2026-04-13T14:47:49Z,25433,KES,M-Pesa,
TX1672546335,609324464,2026-04-13T18:32:39+03:00,7165,KES,M-PESA,
TX5127309362,275585993,2026-04-13T16:27:14Z,369733,RWF,Airtel Money,
TX7600448110,260746819,2026-04-14T04:07:40Z,23411.67,ETB,telebirr,
TX7526367567,733241777,2026-04-14T05:31:17Z,105333,RWF,MTN MoMo,
TX7110489058,678590332,2026-04-14T05:52:58Z,629333,SSP,Bank,
TX7841451103,722225759,2026-04-14T08:19:36Z,49333,XAF,Moov Money,
TX3315584748,297584643,2026-04-14T10:56:07Z,30960,KES,M-Pesa,
TX1529662601,159463025,2026-04-14T11:47:31Z,17640,KES,Cash,
TX4439525079,953731995,2026-04-14T11:53:29Z,18487,KES,MPESA,
TX9944142613,931521837,2026-04-14T13:16:17Z,23055,KES,Cash,
TX3105315222,772200187,2026-04-14T13:36:15Z,503500,SSP,m-Gurush,
TX2631711728,407159600,2026-04-14T14:11:25Z,15614.44,ETB,CBE Birr,
TX3301663777,597417922,2026-04-14T14:34:11Z,34375,KES,Bank,
TX4815254015,801803899,2026-04-14T15:44:38Z,95500,XAF,Cash,
TX4819300827,449541035,2026-04-14T16:17:11Z,375100,SSP,Bank,
TX3642532367,863364263,2026-04-14T16:51:55Z,"80,711",SSP,Cash,
TX2603936506,206908515,2026-04-14T17:13:25Z,148500,XAF,Moov Money,
TX3883773939,198462606,2026-04-15T04:13:50Z,22290.50,ETB,telebirr,
TX1714895992,653676617,2026-04-15T05:19:22Z,18133,KES,mpesa,
TX4715694493,138436777,2026-04-15T05:42:17Z,224367,RWF,MoMo,
TX6195895160,479643855,2026-04-15T05:42:38Z,6489.33,ETB,CBE Birr,
TX5270945421,840938529,2026-04-15T07:08:39Z,357533,SSP,m-Gurush,
TX4105117784,244482938,2026-04-15T07:29:24Z,123667,RWF,Cash,
TX7668726683,644714212,2026-04-15T08:53:33Z,39637,XAF,Moov Money,
TX3697769031,514824825,2026-04-15T09:07:08Z,181444,SSP,Bank,
TX8893845693,715716918,2026-04-15T09:37:45Z,12548,KES,mpesa,
TX4111446008,733784078,2026-04-15T09:38:28Z,76667,RWF,MTN MoMo,
TX4899331124,310284756,2026-04-15T10:22:12Z,248456,RWF,Cash,
TX2399712073,370159815,2026-04-15T11:13:21Z,13708.28,ETB,telebirr,
TX9155811266,568563481,2026-04-15T11:16:00Z,70800,XAF,Airtel Money,
TX7500519902,390217963,2026-04-15T11:21:49Z,27919,KES,Cash,
TX1268550498,686834671,2026-04-15T12:26:16Z,116500,XAF,Airtel Money,
TX8794020322,738243444,2026-04-15T12:44:31Z,190430,RWF,Airtel Money,
TX4132065491,858472307,2026-04-15T13:14:22Z,150867,XAF,Airtel Money,
TX5200565329,661899962,2026-04-15T15:17:23Z,16697.11,ETB,Cash,
TX6799437304,755344929,2026-04-15T16:44:43Z,364806,RWF,Airtel Money,
TX4342061665,742376294,2026-04-15T17:39:41Z,145658,XAF,Moov Money,
TX7385458741,675203843,2026-04-16T05:25:11Z,323844,RWF,Airtel Money,
TX1537873079,295017351,2026-04-16T05:50:41Z,520800,SSP,Cash,
TX6949397970,196506181,2026-04-16T07:53:47Z,205517,RWF,MTN MoMo,
TX8881665804,183792384,2026-04-16T08:20:16Z,383167,SSP,m-Gurush,
TX3364574541,988553238,2026-04-16T15:21:19+03:00,9046.67,ETB,telebirr,
TX3410550979,253443516,2026-04-16T15:06:52Z,829500,SSP,Cash,
TX6298060259,205182098,2026-04-16T16:46:33Z,13111,XAF,Cash,
TX2649453647,413230655,2026-04-17T05:52:06Z,174033,RWF,MTN MoMo,
TX1189947604,952162054,2026-04-17T06:26:38Z,307400,SSP,m-Gurush,
TX2863315387,119480668,2026-04-17T06:57:38Z,115217,XAF,Airtel Money,
TX8710527321,230273571,2026-04-17T07:29:59Z,18815.78,ETB,CBE Birr,
TX5523748358,117300459,2026-04-17T07:34:52Z,17225,KES,M-PESA,
TX7512605734,629904719,2026-04-17T07:37:10Z,"17,025",XAF,Cash,
TX8243093114,141973137,2026-04-17T08:11:16Z,52967,XAF,Moov Money,
TX4460667760,739048748,2026-04-17T08:27:03Z,5632,KES,Cash,
TX3052352571,399106539,2026-04-17T09:34:22Z,173722,RWF,Airtel Money,
TX9464444005,847425828,2026-04-17T09:39:11Z,152744,XAF,Airtel Money,
TX2014682597,292242469,2026-04-17T11:05:43Z,"338,922",RWF,Airtel Money,
TX2340211543,361580969,2026-04-17T11:11:37Z,44000,XAF,Airtel Money,
TX9602009884,115382131,2026-04-17T11:27:32Z,81267,RWF,Cash,
TX1465315699,195202110,2026-04-17T12:02:58Z,253000,RWF,MTN MoMo,
TX8182221673,618812839,2026-04-17T12:49:18Z,103445,RWF,MTN MoMo,
TX6106623275,743626860,2026-04-17T13:01:14Z,27000,XAF,Cash,
TX5735099424,641371665,2026-04-17T13:32:25Z,106000,XAF,Moov Money,
TX6633374382,473824063,2026-04-17T13:41:31Z,15013.89,ETB,telebirr,
TX1428534480,442286307,2026-04-17T13:56:16Z,17876.00,ETB,CBE Birr,
TX6200992735,168748108,2026-04-17T14:27:58Z,52708,KES,Cash,
TX8314611900,496887430,2026-04-17T14:43:16Z,41075,XAF,Moov Money,
TX5948055110,386591847,2026-04-17T14:57:31Z,12262.17,ETB,Cash,
TX1502735730,496998281,2026-04-17T18:53:09+02:00,791467,SSP,Cash,
TX7601754689,451628028,2026-04-18T06:22:49Z,224000,RWF,MoMo,
TX3531306206,198197446,2026-04-18T06:49:50Z,396900,SSP,m-Gurush,
TX1578966190,432971345,2026-04-18T07:13:47Z,231433,RWF,Cash,
TX8017571275,526307354,2026-04-18T07:23:34Z,"26,546.67",ETB,telebirr,
TX2284551326,615759378,2026-04-18T08:30:47Z,107825,XAF,Cash,
TX2874366717,406373828,2026-04-18T09:07:42Z,20067,KES,MPESA,
TX2811625812,101796276,2026-04-18T09:26:26Z,655200,SSP,Cash,
TX3622264568,109030702,2026-04-18T12:26:14Z,61833,XAF,Cash,
TX8292104529,552450906,2026-04-18T15:31:52Z,486267,RWF,Airtel Money,
TX7012712341,278975179,2026-04-18T15:33:22Z,8901.67,ETB,telebirr,
TX3240145336,889160962,2026-04-19T07:54:09Z,130130,SSP,Bank,
TX3585682353,770203136,2026-04-19T08:08:36Z,26231,kes,MPESA,
TX4354161783,301053024,2026-04-19T08:37:52Z,16100,KES,M-Pesa,
TX1312527961,823229281,2026-04-19T08:46:32Z,6890.00,ETB,Cash,
TX3519830644,652741509,2026-04-19T08:51:03Z,141333,SSP,m-Gurush,
TX3934390117,322085799,2026-04-19T09:22:42Z,3564.00,ETB,Telebirr,
TX1121022956,952280977,2026-04-19T09:34:52Z,203878,RWF,MoMo,
TX4171781100,174518520,2026-04-19T10:57:47Z,35425,KES,M-Pesa,
TX4760234838,610773040,2026-04-19T12:29:35Z,22417.67,ETB,telebirr,
TX9412661529,417030080,2026-04-19T13:13:30Z,88667,XAF,Cash,
TX5188541485,656845543,2026-04-20T05:02:42Z,44722,RWF,MTN MoMo,
TX2964088005,815928712,2026-04-20T06:25:22Z,45326,KES,M-Pesa,
TX3692602369,744002865,2026-04-20T07:09:07Z,68900,XAF,Moov Money,
TX2522266979,378964731,2026-04-20T07:19:29Z,35000,XAF,Cash,
TX7564961371,187465874,2026-04-20T08:45:29Z,420467,SSP,Cash,
TX8865269948,816530223,2026-04-20T10:14:48Z,4414.50,ETB,Telebirr,
TX5226550093,737574500,2026-04-20T10:15:23Z,"554,083",SSP,Bank,
TX3742628336,193159245,2026-04-20T10:27:39Z,13825,KES,M-Pesa,
TX8137524941,628156964,2026-04-20T13:09:38Z,4225,KES,Cash,
TX6970855862,250701565,2026-04-20T13:38:25Z,442400,SSP,Cash,
TX2666030918,312988665,2026-04-20T14:08:43Z,132300,RWF,Cash,
TX7111598312,813720398,2026-04-20T18:42:31+03:00,50958,KES,M-PESA,
TX7836680118,313956641,2026-04-20T16:12:42Z,307400,SSP,Cash,
TX8282941423,213129616,2026-04-21T07:40:08Z,372417,RWF,MTN MoMo,
TX2870507200,563311072,2026-04-21T08:31:54Z,11505.00,ETB,Telebirr,
TX4880065212,857476053,2026-04-21T08:53:49Z,10777,KES,Cash,
TX7565019158,508155602,2026-04-21T10:01:48Z,376944,RWF,MTN MoMo,
TX8220859073,935736068,2026-04-21T10:06:24Z,731147,SSP,Bank,
TX1785921851,748235096,2026-04-21T10:21:34Z,19710,KES,M-Pesa,
TX7686768002,738586459,2026-04-21T10:43:13Z,7553,KES,Bank,
TX4827292154,173443821,2026-04-21T10:52:19Z,134750,RWF,MTN MoMo,
TX9689093477,466874796,2026-04-21T11:08:00Z,3474,KES,M-PESA,
TX5755334569,457579815,2026-04-21T11:32:30Z,9999.33,ETB,Telebirr,
TX9274406271,382927932,2026-04-21T11:39:47Z,48924,XAF,Cash,
TX6121287215,884035233,2026-04-21T11:48:10Z,297733,RWF,MTN MoMo,
TX8181145752,495092299,2026-04-21T12:49:22Z,88622,RWF,MTN MoMo,
TX3968807239,168929597,2026-04-21T13:50:29Z,13807,KES,M-PESA,
TX6460429506,447086275,2026-04-21T14:52:26Z,19544.00,ETB,telebirr,
TX4599921962,700174275,2026-04-22T04:34:16Z,45417,KES,M-PESA,
TX3165452932,499129104,2026-04-22T04:41:06Z,27383,KES,Bank,
TX5662085554,815362635,2026-04-22T04:53:49Z,3650,KES,M-Pesa,
TX8083538549,486432343,2026-04-22T05:16:19Z,15235.00,ETB,Telebirr,
TX7009386302,935012477,2026-04-22T11:29:39Z,38022,KES,Bank,
TX1438233180,799571535,2026-04-22T12:07:49Z,13000,XAF,Airtel Money,
TX9539387770,931517601,2026-04-22T12:12:53Z,3038.15,ETB,CBE Birr,
TX3457498801,697060166,2026-04-22T15:17:05+03:00,18893,KES,Bank,
TX6625581951,946621609,2026-04-22T12:37:19Z,49833,XAF,Moov Money,
TX6934772802,455413760,2026-04-22T12:50:55Z,100956,RWF,MoMo,
TX6976653795,446852639,2026-04-22T14:48:11Z,126522,XAF,Moov Money,
TX1196889662,835160920,2026-04-22T15:25:22Z,193581,RWF,MoMo,
TX5767777326,223735881,2026-04-23T04:56:19Z,12720,KES,Cash,
TX8599287362,917981391,2026-04-23T05:02:19Z,49777,KES,M-Pesa,
TX7319365939,451046085,2026-04-23T05:36:02Z,40883,KES,M-PESA,
TX3565846015,343401559,2026-04-23T08:40:51Z,84000,RWF,Cash,
TX7254976682,824987337,2026-04-23T08:50:17Z,9067.39,ETB,Telebirr,
TX6135016317,908075588,2026-04-23T10:54:05+02:00,206500,SSP,Bank,
TX8380229953,676910573,2026-04-23T09:08:58Z,377072,RWF,MoMo,
TX4508802160,634425578,2026-04-23T09:09:09Z,25988,KES,Bank,
TX4615339214,596142718,2026-04-23T10:10:30Z,731500,SSP,Cash,
TX6763976417,237705265,2026-04-23T11:26:39Z,11013.33,ETB,telebirr,
TX4952477344,780400293,2026-04-23T12:07:44Z,86800,XAF,Airtel Money,
TX7974946171,374355641,2026-04-23T16:13:44+03:00,34742,KES,M-Pesa,
TX8328778571,505069599,2026-04-23T13:21:11Z,225250,RWF,MTN MoMo,
TX5757508197,526987256,2026-04-23T15:27:06Z,166133,XAF,Airtel Money,
TX4678214837,194574017,2026-04-23T16:29:16Z,350589,SSP,Bank,
TX6273381733,692277358,2026-04-24T04:21:53Z,6031.11,ETB,telebirr,
TX4109837940,181869236,2026-04-24T05:09:03Z,135444,SSP,m-Gurush,
TX6498549375,709226940,2026-04-24T06:52:36Z,110817,XAF,Moov Money,
TX6452885843,837317843,2026-04-24T07:02:33Z,336550,SSP,Cash,
TX4809370855,172316859,2026-04-24T07:34:59Z,1155467,SSP,m-Gurush,
TX7593000995,160735279,2026-04-24T08:32:47Z,93417,RWF,MTN MoMo,
TX3757839458,702329558,2026-04-24T08:38:48Z,69828,RWF,Airtel Money,
TX8512787022,969265810,2026-04-24T08:51:53Z,242833,RWF,Airtel Money,
TX4097610141,854765866,2026-04-24T13:47:09Z,109017,RWF,MoMo,
TX9381771697,689490288,2026-04-24T13:53:15Z,"107,767",XAF,Cash,
TX3056282773,282533098,2026-04-24T16:41:13Z,514100,SSP,m-Gurush,
TX8594999937,955822420,2026-04-25T04:00:33Z,9434.00,ETB,CBE Birr,
TX6669676348,223606654,2026-04-25T04:02:10Z,12717,KES,M-Pesa,
TX6129331215,534835426,2026-04-25T06:31:35Z,17791.78,ETB,Telebirr,
TX7800434068,618495260,2026-04-25T07:36:24Z,15322.50,ETB,Telebirr,
TX1983732245,326310942,2026-04-25T09:02:35Z,39333,XAF,Cash,
TX9310489356,956717839,2026-04-25T09:09:52Z,61600,RWF,MoMo,
TX1739711755,758886379,2026-04-25T12:29:08Z,101017,XAF,Airtel Money,
TX7972473615,489124720,2026-04-26T10:07:21Z,"29,867",XAF,Airtel Money,
TX7878684286,583401644,2026-04-26T12:20:59Z,45246,XAF,Moov Money,
TX6345364158,909861273,2026-04-26T12:24:13Z,477783,RWF,MTN MoMo,
TX4611956090,770365974,2026-04-26T13:57:44Z,174480,RWF,Airtel Money,
TX2841101506,273927573,2026-04-27T04:29:04Z,20716,KES,mpesa,
TX8046908916,967018324,2026-04-27T05:45:01Z,297622,RWF,MTN MoMo,
TX7163411498,993447925,2026-04-27T08:21:52Z,15535.67,ETB,telebirr,
TX3800669547,344077056,2026-04-27T08:55:52Z,10449.00,ETB,Telebirr,
TX6884825448,510769386,2026-04-27T09:30:24Z,169333,RWF,Airtel Money,
TX3362218740,502213128,2026-04-27T10:19:55Z,14978.33,ETB,Telebirr,
TX9936227801,147686766,2026-04-27T10:37:39Z,6581.78,ETB,telebirr,
TX3707196783,515389013,2026-04-27T12:09:07Z,92750,RWF,MTN MoMo,
TX1725985947,699756310,2026-04-27T18:04:37+03:00,13957,KES,M-PESA,
TX6658916144,755597152,2026-04-27T15:13:17Z,13970.17,ETB,Cash,
TX7341824548,534023535,2026-04-27T15:27:11Z,27472,KES,MPESA,
TX5865126993,677267370,2026-04-27T16:26:23Z,60067,XAF,Moov Money,
TX6884947577,459463351,2026-04-27T17:17:39Z,87083,XAF,Airtel Money,
TX1535609851,417914731,2026-04-28T04:21:23Z,22293,KES,M-PESA,
TX2578360141,217710384,2026-04-28T06:14:38Z,456892,RWF,MoMo,
TX6156400942,519370419,2026-04-28T06:53:01Z,402511,SSP,Cash,
TX6565819782,500145514,2026-04-28T06:58:16Z,33761,KES,M-Pesa,
TX1811381384,420703646,2026-04-28T07:01:50Z,20350,KES,M-PESA,
TX3639634457,915543847,2026-04-28T09:03:37Z,156678,RWF,MTN MoMo,
TX6749303213,286478579,2026-04-28T09:35:05Z,31050,XAF,Cash,
TX6942689556,772679140,2026-04-28T09:48:18Z,13812,KES,M-Pesa,
TX5071630493,744829152,2026-04-28T09:49:18Z,196200,XAF,Moov Money,
TX8042428009,507478959,2026-04-28T10:37:47Z,368783,SSP,m-Gurush,
TX5415371676,763990240,2026-04-28T10:45:06Z,384483,SSP,Cash,
TX7441506678,222093104,2026-04-28T11:31:30Z,97650,RWF,MTN MoMo,
TX1243510766,613530944,2026-04-28T12:09:38Z,48414,kes,mpesa,
TX8981369032,836275591,2026-04-28T12:35:11Z,88333,xaf,Moov Money,
TX7784254228,440536085,2026-04-28T13:42:56Z,118800,RWF,Cash,
TX2959896867,673415643,2026-04-28T14:09:11Z,798467,SSP,Bank,
TX1781153171,445133733,2026-04-28T15:59:32Z,24833.83,ETB,Telebirr,
TX4800998791,656140305,2026-04-28T16:16:19Z,154000,XAF,Moov Money,
TX4108659491,678874247,2026-04-28T16:59:57Z,162975,RWF,MoMo,
TX8933478882,256042616,2026-04-29T07:08:46Z,574067,SSP,m-Gurush,
TX9779727787,289249336,2026-04-29T08:13:18Z,23164,KES,Cash,
TX6585834630,913566648,2026-04-29T09:42:51Z,82045,SSP,Bank,
TX1435585424,784149124,2026-04-29T09:50:18Z,18499.78,ETB,telebirr,
TX7005235383,880685686,2026-04-29T10:56:55Z,5805.00,ETB,Cash,
TX8152382995,228992768,2026-04-29T11:50:03Z,47052,KES,M-PESA,
TX3763197703,487743281,2026-04-29T11:52:10Z,7061.23,ETB,telebirr,
TX3956290280,668140577,2026-04-29T12:46:29Z,2849.44,ETB,CBE Birr,
TX2409974232,380859931,2026-04-29T12:48:05Z,17025.00,ETB,CBE Birr,
TX9306439742,902363855,2026-04-29T13:11:01Z,207100,XAF,Moov Money,
TX8722669268,359025439,2026-04-29T13:18:39Z,103500,RWF,MTN MoMo,
TX6487408152,863810049,2026-04-29T15:21:42Z,9313.33,ETB,Cash,
TX1198330781,579169693,2026-04-29T16:16:29Z,55590,XAF,Moov Money,
TX4844179483,369169259,2026-04-30T08:30:00+01:00,130456,XAF,Cash,
TX2678121009,494242419,2026-04-30T08:39:57Z,41333,XAF,Moov Money,
TX7063045573,211932292,2026-04-30T10:58:58Z,10908,KES,Bank,
TX7037299811,636487972,2026-04-30T11:21:17Z,102150,RWF,Cash,
TX2750940947,573956880,2026-04-30T12:50:52Z,1327333,SSP,m-Gurush,
TX7290158348,401566999,2026-04-30T14:06:33Z,23867,KES,MPESA,
TX2854778603,647704848,2026-04-30T14:48:36Z,1018733,SSP,Cash,
TX6768760130,303016581,2026-04-30T21:04:01Z,8728.47,ETB,telebirr,
TX2269182765,927185794,2026-04-30T22:15:08Z,2258.84,ETB,telebirr,
TX8333999305,897096409,2026-05-01T05:03:53Z,9289.44,ETB,Cash,
TX3689067952,937023093,2026-05-01T05:15:24Z,99028,RWF,MoMo,
TX4808441501,316377713,2026-05-01T05:52:07Z,12714,KES,Bank,
TX1221827860,581159355,2026-05-01T06:17:44Z,19440,KES,Cash,
TX7364286911,447902452,2026-05-01T07:06:10Z,374267,RWF,Cash,
TX8328544867,486322343,2026-05-01T09:48:38Z,48142,XAF,Cash,
TX4291396099,119263570,2026-05-01T10:15:19Z,57033,XAF,Moov Money,
TX6125657782,547190435,2026-05-01T10:23:00Z,"46,383",KES,Cash,
TX2956684264,764343627,2026-05-01T10:24:53Z,404000,SSP,Cash,
TX3797541523,830734832,2026-05-01T10:37:27Z,547867,RWF,Cash,
TX6433717941,338067079,2026-05-01T13:11:55Z,1079833,SSP,m-Gurush,
TX4585446807,698439751,2026-05-01T14:41:51Z,6376.11,ETB,telebirr,
TX1834393212,702807804,2026-05-01T15:59:13Z,113950,XAF,Moov Money,
TX1908487270,217219653,2026-05-01T17:28:09+01:00,129800,XAF,Cash,
TX6866490638,998591232,2026-05-01T18:36:36+02:00,83256,RWF,MoMo,
TX2694661379,166710441,2026-05-02T04:26:06Z,8933,KES,Cash,
TX6108133068,735875101,2026-05-02T05:14:04Z,658933,SSP,m-Gurush,
TX4859019093,700981897,2026-05-02T06:36:07Z,910150,SSP,Bank,
TX2912904019,960883627,2026-05-02T06:56:48Z,472267,SSP,Cash,
TX2333304013,236605175,2026-05-02T07:32:25Z,225739,RWF,MTN MoMo,
TX7915039937,772125604,2026-05-02T07:39:05Z,283550,SSP,Cash,
TX7087574101,556485349,2026-05-02T07:43:14Z,3606,KES,Cash,
TX3386764378,426299978,2026-05-02T07:54:17Z,556150,SSP,m-Gurush,
TX7143486890,226520847,2026-05-02T08:06:43Z,121389,RWF,Airtel Money,
TX4668440069,943172523,2026-05-02T08:41:43Z,38088,KES,mpesa,
TX3459287903,413004225,2026-05-02T08:50:45Z,19043,KES,Cash,
TX7567719439,980383599,2026-05-02T08:57:22Z,27600,KES,mpesa,
TX2670321553,580386853,2026-05-02T08:58:05Z,106950,XAF,Moov Money,
TX4222789178,793007553,2026-05-02T10:30:27Z,462822,SSP,Bank,
TX5582215483,962229716,2026-05-02T12:32:30Z,878444,SSP,Bank,
TX9390951297,384574370,2026-05-02T12:34:17Z,11375.00,ETB,Telebirr,
TX6654002784,547850751,2026-05-02T12:43:15Z,951933,SSP,Cash,
TX8686297934,611369980,2026-05-02T13:16:37Z,12693,KES,Bank,
TX4570386557,137191515,2026-05-02T14:51:58Z,295731,RWF,MoMo,
TX3284879926,980323916,2026-05-03T07:00:01Z,43758,XAF,Moov Money,
TX1962895311,927185794,2026-05-03T07:54:10Z,8046.28,ETB,telebirr,
TX2863027392,651937507,2026-05-03T08:15:19Z,315611,RWF,Airtel Money,
TX2308995887,799570287,2026-05-03T08:33:43Z,125875,RWF,Cash,
TX7657714967,549780354,2026-05-03T08:42:53Z,7560.00,ETB,CBE Birr,
TX4964817662,147064988,2026-05-03T10:40:34Z,330917,SSP,m-Gurush,
TX5721857337,609017214,2026-05-03T11:57:05Z,54250,XAF,Moov Money,
TX8915556006,304132227,2026-05-03T13:21:09Z,19869,KES,M-Pesa,
TX1934344211,411152330,2026-05-03T14:03:00Z,16760.17,ETB,Cash,
TX9979990260,417341422,2026-05-03T14:03:16Z,306800,SSP,Bank,
TX7697345098,888303128,2026-05-03T15:53:40Z,177733,SSP,Cash,
TX5551343542,330372269,2026-05-04T04:10:18Z,28068,KES,M-Pesa,
TX2051200588,215328556,2026-05-04T05:08:39Z,236389,SSP,m-Gurush,
TX2956315471,738293456,2026-05-04T05:56:10Z,9977.56,ETB,CBE Birr,
TX3012776483,229339558,2026-05-04T06:30:51Z,218803,RWF,Airtel Money,
TX3836588771,505766440,2026-05-04T12:26:42Z,588000,SSP,Cash,
TX1777897176,750976104,2026-05-04T13:35:16Z,1484000,SSP,Cash,
TX9339434542,292670672,2026-05-04T15:20:58Z,1161067,SSP,m-Gurush,
TX5924569660,846473145,2026-05-04T15:45:30Z,49323,KES,MPESA,
TX8775918920,382359497,2026-05-04T16:33:28Z,"518,933",RWF,MoMo,
TX5747966821,691803136,2026-05-04T17:40:27Z,223450,XAF,Airtel Money,
TX3777730934,581542805,2026-05-05T05:45:13Z,8690.00,ETB,Telebirr,
TX5600728337,885073930,2026-05-05T07:10:34Z,45689,KES,M-Pesa,
TX3836963114,176395108,2026-05-05T07:25:46Z,42000,KES,Cash,
TX8718973415,128979605,2026-05-05T08:39:20Z,13431,KES,M-Pesa,
TX3643385178,494520739,2026-05-05T08:57:38Z,736000,SSP,m-Gurush,
TX1317946030,418764137,2026-05-05T09:36:45Z,20000,KES,mpesa,
TX4370810234,596763438,2026-05-05T10:20:00Z,19678,KES,M-PESA,
TX1856866105,916273172,2026-05-05T10:20:40Z,10719.00,ETB,Cash,
TX6708807504,488091483,2026-05-05T13:20:58+03:00,9381.00,ETB,Telebirr,
TX3684597330,688561997,2026-05-05T12:15:38Z,259616,RWF,MoMo,
TX1030996494,940297144,2026-05-05T12:27:46Z,58300,XAF,Airtel Money,
TX9627587018,539001569,2026-05-05T12:55:40Z,178134,SSP,Bank,
TX7427265969,324838207,2026-05-05T13:39:29Z,186644,RWF,MTN MoMo,
TX8199418441,547992738,2026-05-05T13:48:05Z,784000,SSP,m-Gurush,
TX3453039531,562712313,2026-05-05T14:23:12Z,10976.00,ETB,Cash,
TX3650645993,751772041,2026-05-05T14:36:40Z,6671.28,ETB,Telebirr,
TX9380584387,981427097,2026-05-05T14:38:35Z,157989,RWF,Airtel Money,
TX1562971770,648971734,2026-05-05T14:52:09Z,718111,SSP,m-Gurush,
TX6397361393,631423004,2026-05-05T15:07:16Z,40875,rwf,Cash,
TX4374764219,456344306,2026-05-05T16:05:12Z,564433,SSP,m-Gurush,
TX6275411741,725686429,2026-05-06T05:02:05Z,10800.00,ETB,telebirr,
TX1987371108,531687483,2026-05-06T05:05:25Z,218167,SSP,Bank,
TX8249790440,782816117,2026-05-06T06:47:03Z,376133,RWF,MTN MoMo,
TX9768038680,677446274,2026-05-06T06:58:54Z,17877,KES,M-PESA,
TX4155592229,305613214,2026-05-06T07:45:22Z,46544,RWF,MTN MoMo,
TX2882164109,588925039,2026-05-06T09:26:31Z,558809,ssp,Cash,
TX2065783720,282817206,2026-05-06T09:39:22Z,29708,KES,M-Pesa,
TX8391268030,333859175,2026-05-06T09:46:15Z,2180.00,ETB,Telebirr,
TX4469596505,264469978,2026-05-06T10:06:06Z,196000,RWF,MoMo,
TX7678944458,349576704,2026-05-06T11:56:28+01:00,134500,XAF,Moov Money,
TX6495529167,289040705,2026-05-06T11:22:07Z,"7,490.00",ETB,Telebirr,
TX3371324551,191035460,2026-05-06T11:49:05Z,3226.67,ETB,CBE Birr,
TX2539905798,990422559,2026-05-06T12:09:16Z,427533,SSP,Bank,
TX1892580905,854598637,2026-05-06T14:11:00Z,10891.50,ETB,telebirr,
TX7005845333,932753965,2026-05-06T14:26:33Z,4611.90,ETB,telebirr,
TX1454559410,693226014,2026-05-06T14:26:58Z,132367,XAF,Moov Money,
TX3777973580,734714896,2026-05-06T15:45:47Z,148156,XAF,Airtel Money,
TX8499953108,930273679,2026-05-06T15:46:05Z,84972,XAF,Moov Money,
TX7621924923,298098448,2026-05-06T15:56:21Z,207453,SSP,Cash,
TX3323000067,421364248,2026-05-07T06:44:29Z,101500,RWF,Cash,
TX1300888699,471918215,2026-05-07T08:53:33Z,42400,XAF,Airtel Money,
TX4865185006,404738164,2026-05-07T09:04:13Z,22888,KES,mpesa,
TX3647961313,574390633,2026-05-07T13:56:00Z,317800,RWF,Airtel Money,
TX1076786973,955998891,2026-05-07T15:05:33Z,137592,xaf,Airtel Money,
TX7363110132,112470581,2026-05-07T15:28:17Z,274000,SSP,m-Gurush,
TX2742096124,689832737,2026-05-07T16:01:03Z,176217,XAF,Moov Money,
TX3041868701,149510215,2026-05-07T17:16:26Z,148181,XAF,Moov Money,
TX4083530380,825314909,2026-05-08T05:58:35Z,744056,SSP,Cash,
TX6736288836,670609075,2026-05-08T06:16:30Z,8600.78,ETB,telebirr,
TX4809621225,515468579,2026-05-08T07:37:43Z,30883,XAF,Airtel Money,
TX8070089112,631716695,2026-05-08T07:55:12Z,355158,RWF,Airtel Money,
TX9462952630,177755837,2026-05-08T08:41:42Z,33419,rwf,Airtel Money,
TX6164718409,498902026,2026-05-08T09:00:20Z,301583,RWF,MTN MoMo,
TX5687868118,245654881,2026-05-08T10:59:42Z,27207,KES,M-PESA,
TX1657542682,894286190,2026-05-08T15:24:53+03:00,7933,KES,M-Pesa,
TX1122224211,441969169,2026-05-08T12:34:52Z,"88,667",RWF,MoMo,
TX1072125230,784823783,2026-05-08T13:46:29Z,"6,270.00",ETB,telebirr,
TX4486848914,801803899,2026-05-08T14:06:44Z,95500,XAF,Cash,
TX2066926790,444915069,2026-05-08T14:57:09Z,544133,SSP,Bank,
TX7541209719,482096458,2026-05-08T15:42:25Z,149500,XAF,Airtel Money,
TX9165354530,256105096,2026-05-08T16:50:46Z,437000,SSP,Bank,
TX4244242272,299691198,2026-05-09T07:16:28+03:00,46480,KES,Cash,
TX7501059833,777040994,2026-05-09T05:02:39Z,26133,KES,Cash,
TX5512492620,984947412,2026-05-09T07:19:37Z,73422,XAF,Airtel Money,
TX8100184462,591597903,2026-05-09T07:26:47Z,236500,RWF,Cash,
TX4227977881,452419538,2026-05-09T07:52:29Z,105544,XAF,Airtel Money,
TX9661378308,378370939,2026-05-09T08:10:48Z,12250,KES,Bank,
TX1104392284,266964787,2026-05-09T08:14:09Z,159300,XAF,Airtel Money,
TX6189394230,848266510,2026-05-09T08:42:57Z,578667,SSP,m-Gurush,
TX9494284657,414016546,2026-05-09T09:13:20Z,23958,KES,M-Pesa,
TX7987148512,358074733,2026-05-09T09:16:44Z,267667,XAF,Cash,
TX2604388744,138383353,2026-05-09T09:56:27Z,844356,SSP,m-Gurush,
TX7637506816,159043428,2026-05-09T10:08:49Z,108267,XAF,Airtel Money,
TX8661327498,855419670,2026-05-09T11:22:02Z,"118,833",RWF,Airtel Money,
TX5386838779,605757240,2026-05-09T11:30:20Z,35924,KES,M-PESA,
TX3886086617,609324464,2026-05-09T12:02:08Z,12540,KES,M-PESA,
TX1602918360,801725369,2026-05-09T13:16:52Z,90450,XAF,Airtel Money,
TX1679529306,882232699,2026-05-09T13:17:35Z,311276,SSP,Cash,
TX3763016964,570505900,2026-05-09T13:34:59Z,189456,RWF,Cash,
TX6401905262,231310643,2026-05-09T14:01:48Z,181333,RWF,Cash,
TX3003489147,449024902,2026-05-09T15:13:44Z,17325,KES,M-Pesa,
TX6066421729,154284346,2026-05-09T15:22:19Z,23520,KES,Bank,
TX2844024238,992040540,2026-05-09T15:30:23Z,528378,SSP,m-Gurush,
TX5164098059,574049895,2026-05-09T15:32:30Z,802400,SSP,m-Gurush,
TX2859501773,640721685,2026-05-09T15:37:37Z,43917,RWF,MTN MoMo,
TX3764012590,153343921,2026-05-09T15:46:43Z,46667,XAF,Airtel Money,
TX4745248164,286192926,2026-05-09T16:49:27Z,141775,RWF,MoMo,
TX8287522002,918929170,2026-05-10T05:17:32Z,18948,KES,M-PESA,
TX2711055785,457166583,2026-05-10T05:28:04Z,841733,SSP,Bank,
TX1235531542,970524937,2026-05-10T06:29:47Z,794500,SSP,m-Gurush,
TX1531867486,894182494,2026-05-10T06:54:44Z,234267,XAF,Cash,
TX3685787780,755679474,2026-05-10T06:57:11Z,131156,XAF,Airtel Money,
TX9584706178,688117175,2026-05-10T07:10:27Z,13716.95,ETB,CBE Birr,
TX2799319182,389309868,2026-05-10T09:36:29Z,6307.00,ETB,Cash,
TX3522535406,569010866,2026-05-10T10:39:55Z,120150,RWF,MoMo,
TX6609222461,758588865,2026-05-10T12:44:06Z,484950,SSP,m-Gurush,
TX8222913353,435025473,2026-05-10T13:46:44Z,13417,XAF,Airtel Money,
TX4585415124,619524634,2026-05-10T14:22:44Z,212000,RWF,MoMo,
TX4106655390,900173837,2026-05-10T16:05:32Z,363200,SSP,m-Gurush,
TX7447378259,249719036,2026-05-10T16:55:36Z,"35,892",XAF,Moov Money,
TX7051789979,303016581,2026-05-11T04:39:32Z,16835.83,etb,Cash,
TX3115422225,840938529,2026-05-11T06:17:05Z,357533,SSP,Bank,
TX9513994113,198103161,2026-05-11T06:30:11Z,22275,KES,Bank,
TX3144554235,815311778,2026-05-11T08:04:48Z,452225,SSP,Cash,
TX8766784107,559088717,2026-05-11T09:07:47Z,113083,xaf,Airtel Money,
TX6196445159,298417155,2026-05-11T09:20:52Z,38042,KES,Bank,
TX7304946933,407159600,2026-05-11T12:35:02+03:00,15614.44,ETB,Telebirr,
TX3110691051,824626321,2026-05-11T10:14:06Z,19980,KES,Bank,
TX4537258172,953217618,2026-05-11T10:18:55Z,21747,KES,mpesa,
TX2210534953,101905184,2026-05-11T10:31:57Z,41627,KES,Bank,
TX1436885168,215369201,2026-05-11T10:56:21Z,207100,SSP,Bank,
TX1952283432,960105737,2026-05-11T11:06:20Z,338250,RWF,MTN MoMo,
TX2029645329,981954296,2026-05-11T11:43:39Z,81342,XAF,Cash,
TX3172928110,552012226,2026-05-11T13:56:27Z,8154.00,ETB,CBE Birr,
TX7024801869,672965871,2026-05-11T14:43:27Z,321067,SSP,Cash,
TX2633761710,675203843,2026-05-11T14:43:36Z,323844,RWF,Cash,
TX4598873309,597417922,2026-05-11T14:53:58Z,34375,KES,MPESA,
TX5032868205,988747364,2026-05-11T15:16:18Z,1113617,SSP,Bank,
TX6756940234,128473652,2026-05-11T15:24:07Z,17844.22,ETB,Cash,
TX6627260787,280734513,2026-05-11T17:42:50Z,72767,XAF,Cash,
TX7208929249,250985202,2026-05-12T04:10:36Z,1829.00,ETB,Cash,
TX5695519901,204483756,2026-05-12T06:14:59Z,494667,SSP,m-Gurush,
TX9347660770,743626860,2026-05-12T07:47:35+01:00,27000,XAF,Airtel Money,
TX7488909610,931521837,2026-05-12T07:18:26Z,23055,KES,mpesa,
TX3328835097,119480668,2026-05-12T09:38:46Z,115217,XAF,Moov Money,
TX2340182823,686834671,2026-05-12T10:41:29Z,116500,XAF,Airtel Money,
TX4987305009,510963042,2026-05-12T11:25:35Z,130333,XAF,Moov Money,
TX9247789854,283567944,2026-05-12T13:24:26Z,11333,kes,M-Pesa,
TX6650483551,892059026,2026-05-12T13:35:32Z,41508,XAF,Cash,
TX5532378500,733784078,2026-05-12T13:40:19Z,76667,RWF,MoMo,
TX5711359769,432197706,2026-05-12T13:44:55Z,8944,KES,MPESA,
TX3811115997,371671987,2026-05-12T14:01:21Z,339733,RWF,Cash,
TX7848848347,715716918,2026-05-12T14:08:38Z,12548,KES,Cash,
TX9138310907,479643855,2026-05-12T14:09:16Z,6489.33,ETB,CBE Birr,
TX6146805557,218327973,2026-05-12T14:40:45Z,7560,KES,Bank,
TX9048779437,615328042,2026-05-12T14:41:04Z,12574.83,ETB,CBE Birr,
TX3096835725,248556384,2026-05-12T14:58:57Z,8197.22,ETB,CBE Birr,
TX6346348648,762303282,2026-05-12T15:30:39Z,95375,XAF,Cash,
TX3976889302,905670543,2026-05-12T15:39:28Z,25433,KES,mpesa,
TX9994411651,857733123,2026-05-12T15:58:55Z,661889,SSP,Bank,
TX6287437127,995558978,2026-05-12T16:55:46Z,66150,XAF,Cash,
TX4472471176,894693869,2026-05-13T06:14:20Z,7226.17,ETB,CBE Birr,
TX8494516973,504782610,2026-05-13T07:09:11Z,71300,SSP,m-Gurush,
TX6524561481,906344490,2026-05-13T08:32:56Z,406078,SSP,Cash,
TX9037238389,439467276,2026-05-13T08:40:49Z,12649.33,ETB,telebirr,
TX7943108365,739048748,2026-05-13T11:57:16+03:00,5632,KES,Cash,
TX7664336020,793553762,2026-05-13T08:59:18Z,"68,250",XAF,Airtel Money,
TX1892262874,873374695,2026-05-13T09:14:01Z,9301.50,ETB,CBE Birr,
TX5843385759,661899962,2026-05-13T09:53:43Z,"16,697.11",ETB,Cash,
TX6951687672,781524429,2026-05-13T10:55:16Z,90833,SSP,Cash,
TX5411145195,126797987,2026-05-13T12:43:09Z,360400,SSP,Bank,
TX5967685471,595172347,2026-05-13T13:10:22Z,8003.00,ETB,Telebirr,
TX1245765006,989472891,2026-05-13T13:44:41Z,19200,KES,mpesa,
TX5115864241,363737951,2026-05-13T14:23:40Z,197750,RWF,MoMo,
TX6746278313,488252664,2026-05-13T14:36:16Z,206267,XAF,Airtel Money,
TX4104050569,733241777,2026-05-13T14:51:51Z,105333,RWF,MoMo,
TX2062183375,307507392,2026-05-13T14:55:44Z,5673.33,ETB,telebirr,
TX8369511266,952162054,2026-05-13T15:00:21Z,307400,SSP,Bank,
TX5426644890,743722654,2026-05-13T15:55:34Z,194333,RWF,MoMo,
TX9041609178,997323295,2026-05-13T15:57:41Z,12400,KES,mpesa,
TX2260221313,949326248,2026-05-13T16:14:07Z,36711,XAF,Cash,
TX8957199341,772200187,2026-05-13T16:24:11Z,503500,SSP,Bank,
TX5418484504,850559321,2026-05-13T17:33:43Z,153972,XAF,Moov Money,
TX3415560964,297584643,2026-05-14T04:43:37Z,30960,KES,mpesa,
TX2435290941,473824063,2026-05-14T05:39:42Z,15013.89,ETB,Cash,
TX1331158013,107856334,2026-05-14T09:23:43+03:00,21784.00,ETB,Telebirr,
TX7654844590,320221411,2026-05-14T06:24:39Z,485333,SSP,Cash,
TX6899421192,617600395,2026-05-14T06:28:23Z,304750,SSP,Bank,
TX6824618535,275585993,2026-05-14T07:00:27Z,369733,RWF,MoMo,
TX9927493844,920302388,2026-05-14T08:46:15Z,374917,RWF,Cash,
TX6078707549,352379708,2026-05-14T09:24:47Z,15923,KES,Bank,
TX3246890837,538831590,2026-05-14T09:53:23Z,207639,RWF,Cash,
TX5248889491,742376294,2026-05-14T11:16:03Z,145658,XAF,Moov Money,
TX8815471895,840789146,2026-05-14T11:21:30Z,19507,KES,Cash,
TX5291151371,742726969,2026-05-14T11:32:42Z,91122,XAF,Moov Money,
TX8013019417,716682002,2026-05-14T11:58:03Z,1338400,SSP,m-Gurush,
TX3803354496,295017351,2026-05-14T12:35:45Z,520800,SSP,m-Gurush,
TX9728689858,738243444,2026-05-14T12:46:55Z,201343,RWF,Cash,
TX5393697700,858472307,2026-05-14T13:19:06Z,150867,XAF,Moov Money,
TX7525665157,198462606,2026-05-14T14:07:12Z,22290.50,ETB,Telebirr,
TX6011822312,810591886,2026-05-14T14:21:30Z,5565,KES,Bank,
TX6184417296,480396727,2026-05-14T14:26:20Z,98000,XAF,Cash,
TX8617167847,390217963,2026-05-14T15:52:53Z,27919,KES,M-PESA,
TX5308273177,159463025,2026-05-15T04:29:17Z,17640,KES,Cash,
TX1776707947,863364263,2026-05-15T05:36:30Z,80711,SSP,Cash,
TX5624430210,183792384,2026-05-15T06:27:05Z,383167,SSP,Cash,
TX1868047069,228292426,2026-05-15T06:50:25Z,14238.67,ETB,Cash,
TX9769082272,117300459,2026-05-15T07:07:19Z,17225,KES,M-PESA,
TX6016076879,559957483,2026-05-15T08:52:19Z,37333,xaf,Cash,
TX9272302682,155261205,2026-05-15T08:58:20Z,74406,XAF,Cash,
TX4722469886,964999374,2026-05-15T11:11:41+02:00,590333,SSP,Bank,
TX2597306682,458182472,2026-05-15T09:13:22Z,916828,SSP,m-Gurush,
TX9916215925,292242469,2026-05-15T09:39:34Z,338922,RWF,Airtel Money,
TX1993080046,615759378,2026-05-15T09:44:56Z,107825,XAF,Airtel Money,
TX9476538459,413230655,2026-05-15T09:47:08Z,174033,RWF,MTN MoMo,
TX7338008271,644714212,2026-05-15T11:52:07Z,45615,XAF,Airtel Money,
TX4223241513,289916596,2026-05-15T11:57:16Z,222600,RWF,MTN MoMo,
TX6681940426,755344929,2026-05-15T13:38:48Z,364806,RWF,Airtel Money,
TX9436899765,278975179,2026-05-15T14:01:07Z,8901.67,ETB,Cash,
TX1326883722,250701565,2026-05-15T14:47:20Z,442400,SSP,Cash,
TX8171405496,312988665,2026-05-15T16:10:34Z,"132,300",RWF,MTN MoMo,
TX9740920856,742769116,2026-05-16T05:58:51Z,161683,SSP,Bank,
TX9553622503,244482938,2026-05-16T06:14:28Z,123667,RWF,MoMo,
TX3235566370,935736068,2026-05-16T07:29:03Z,999456,SSP,m-Gurush,
TX2688647556,115382131,2026-05-16T08:23:11Z,81267,RWF,Airtel Money,
TX7831077459,339967557,2026-05-16T09:44:41Z,11883,KES,MPESA,
TX2652281809,589721030,2026-05-16T11:56:04Z,437733,RWF,Airtel Money,
TX9479530159,101796276,2026-05-16T12:15:47Z,655200,SSP,Cash,
TX8028744708,432971345,2026-05-16T12:54:15Z,231433,RWF,MoMo,
TX3512665556,678590332,2026-05-16T13:12:47Z,629333,SSP,Bank,
TX6694322726,355375927,2026-05-16T13:47:10Z,100825,XAF,Airtel Money,
TX9627930656,866920433,2026-05-16T14:40:34Z,190800,SSP,Cash,
TX1084139961,442286307,2026-05-16T15:20:29Z,17876.00,ETB,telebirr,
TX1334578273,775522883,2026-05-16T15:34:16Z,23993,KES,Cash,
TX8836194227,700174275,2026-05-16T15:41:29Z,45417,KES,MPESA,
TX2727434055,386591847,2026-05-17T05:13:10Z,12262.17,ETB,telebirr,
TX6929678894,653676617,2026-05-17T06:09:58Z,18133,KES,MPESA,
TX9944603803,370159815,2026-05-17T06:45:15Z,13708.28,etb,CBE Birr,
TX6221115304,674635998,2026-05-17T06:47:19Z,1010167,SSP,Bank,
TX8551475977,213129616,2026-05-17T07:34:42Z,234532,RWF,Airtel Money,
TX7650326982,650936448,2026-05-17T10:02:55Z,172411,XAF,Airtel Money,
TX8601664349,174518520,2026-05-17T10:07:37Z,35425,KES,Bank,
TX1661195912,518492697,2026-05-17T10:21:48Z,129683,RWF,Cash,
TX6238751048,496998281,2026-05-17T10:26:25Z,791467,SSP,Cash,
TX1209415423,195202110,2026-05-17T11:37:31Z,253000,RWF,MoMo,
TX1592444449,799571535,2026-05-17T13:10:21Z,13000,XAF,Airtel Money,
TX5032015625,722225759,2026-05-17T13:26:51Z,49333,XAF,Moov Money,
TX1770953456,620563765,2026-05-17T15:13:01Z,677222,SSP,Bank,
TX1644205829,514824825,2026-05-18T05:14:36Z,"181,444",ssp,Bank,
TX9791024076,596142718,2026-05-18T07:55:18+02:00,731500,SSP,Bank,
TX5947797051,168748108,2026-05-18T06:14:32Z,52708,KES,Bank,
TX3803482855,466874796,2026-05-18T07:00:26Z,3474,KES,mpesa,
TX1532485739,154355513,2026-05-18T10:14:55Z,208467,RWF,Airtel Money,
TX8494288983,935012477,2026-05-18T11:41:01Z,38022,KES,MPESA,
TX3588774711,889160962,2026-05-18T12:07:27Z,137804,SSP,Bank,
TX5278734385,373067687,2026-05-18T13:33:11Z,505267,SSP,m-Gurush,
TX7601675507,980541632,2026-05-18T14:06:27Z,220000,RWF,MoMo,
TX5107917418,648821947,2026-05-18T14:20:25Z,6240.00,ETB,Cash,
TX6171673978,988553238,2026-05-18T14:23:18Z,9046.67,ETB,CBE Birr,
TX4236447956,313956641,2026-05-18T15:33:30Z,307400,SSP,Bank,
TX2736884366,346158502,2026-05-18T15:59:19Z,208083,RWF,Airtel Money,
TX3048740320,496887430,2026-05-18T16:04:06Z,41075,XAF,Cash,
TX6680568336,310284756,2026-05-18T16:10:17Z,"248,456",RWF,Airtel Money,
TX5069344582,378964731,2026-05-18T16:55:56Z,35000,XAF,Moov Money,
TX7271114961,193159245,2026-05-19T04:49:31Z,13825,KES,MPESA,
TX8916597746,508155602,2026-05-19T05:20:03Z,376944,RWF,MoMo,
TX8292786385,618812839,2026-05-19T05:29:55Z,164000,RWF,MoMo,
TX3859649354,813720398,2026-05-19T05:52:48Z,50958,KES,M-Pesa,
TX7319936117,526307354,2026-05-19T06:11:57Z,26546.67,ETB,CBE Birr,
TX4757827961,770203136,2026-05-19T06:14:58Z,26231,KES,Bank,
TX7483055559,205182098,2026-05-19T07:14:21Z,13111,XAF,Cash,
TX6584897802,849499956,2026-05-19T10:28:47+03:00,4160.50,ETB,Telebirr,
TX7114158690,953731995,2026-05-19T09:33:23Z,18487,KES,M-PESA,
TX7891601334,656845543,2026-05-19T10:50:02Z,44722,RWF,MTN MoMo,
TX4111821924,802674593,2026-05-19T12:34:29+01:00,110667,XAF,Cash,
TX2247951070,552450906,2026-05-19T12:02:22Z,486267,RWF,Airtel Money,
TX3292351543,748235096,2026-05-19T13:37:15Z,19710,KES,M-PESA,
TX2077899811,324959799,2026-05-19T14:08:46Z,733333,SSP,m-Gurush,
TX5404145096,173443821,2026-05-19T15:03:40Z,134750,RWF,Airtel Money,
TX4894270073,194448275,2026-05-19T15:04:30Z,544133,SSP,Cash,
TX9118128129,652741509,2026-05-20T05:02:51Z,141333,SSP,m-Gurush,
TX7579969045,175521526,2026-05-20T05:09:29Z,4574.44,ETB,Telebirr,
TX8352435799,168929597,2026-05-20T06:25:03Z,13807,KES,M-PESA,
TX2177487870,282533098,2026-05-20T07:30:10Z,514100,SSP,Cash,
TX4663264360,260746819,2026-05-20T09:40:53Z,23411.67,ETB,CBE Birr,
TX4169960544,744002865,2026-05-20T09:52:36Z,68900,XAF,Moov Money,
TX4897753182,198380527,2026-05-20T09:56:24Z,18090,KES,M-Pesa,
TX4680467128,737574500,2026-05-20T10:12:40Z,554083,SSP,Cash,
TX2855914578,486432343,2026-05-20T11:19:59Z,15235.00,ETB,Cash,
TX8640396822,230273571,2026-05-20T12:31:02Z,18815.78,ETB,Cash,
TX3673089934,815928712,2026-05-20T12:54:05Z,45326,KES,Cash,
TX2464750670,972000478,2026-05-20T12:59:24Z,6835.22,ETB,telebirr,
TX3210905603,449541035,2026-05-20T14:40:36Z,375100,SSP,Bank,
TX9808225767,451628028,2026-05-20T14:42:02Z,224000,RWF,Cash,
TX2541993788,901699224,2026-05-20T15:03:39Z,8981,KES,Bank,
TX8605700528,629904719,2026-05-20T15:24:21Z,17025,XAF,Cash,
TX9317662085,206908515,2026-05-20T16:49:05+01:00,148500,XAF,Moov Money,
TX7541159319,753929470,2026-05-21T05:37:27Z,1309000,SSP,Cash,
TX2967612907,884035233,2026-05-21T05:41:56Z,297733,RWF,MTN MoMo,
TX3562325585,382927932,2026-05-21T06:01:01Z,53769,XAF,Cash,
TX1964985188,417030080,2026-05-21T06:27:19Z,88667,XAF,Cash,
TX2198241189,477855053,2026-05-21T06:50:50Z,125583,RWF,Cash,
TX2455122578,676910573,2026-05-21T07:42:58Z,377072,RWF,MTN MoMo,
TX7298900666,320197950,2026-05-21T08:36:56Z,199000,RWF,MTN MoMo,
TX7266395152,160735279,2026-05-21T08:54:37Z,93417,RWF,MTN MoMo,
TX2803327668,374355641,2026-05-21T08:54:47Z,34742,KES,M-PESA,
TX9355229498,419664270,2026-05-21T09:37:25Z,53419,XAF,Moov Money,
TX9990285691,495092299,2026-05-21T09:53:04Z,124000,RWF,MTN MoMo,
TX6778484941,198197446,2026-05-21T12:38:15+02:00,396900,SSP,m-Gurush,
TX8754185096,740834154,2026-05-21T11:55:38Z,12750,KES,Bank,
TX7245871238,993933735,2026-05-21T12:09:25Z,31926,KES,Cash,
TX2628138202,847425828,2026-05-21T13:09:11Z,152744,xaf,Airtel Money,
TX8037105823,361580969,2026-05-21T13:56:52Z,44000,XAF,Cash,
TX4387005378,610773040,2026-05-22T05:04:18Z,22417.67,ETB,CBE Birr,
TX1774271420,852330471,2026-05-22T05:24:31Z,373667,RWF,MoMo,
TX1915374406,689222711,2026-05-22T07:06:46Z,20110.50,ETB,Cash,
TX3919306710,440536085,2026-05-22T09:25:40Z,118800,RWF,MTN MoMo,
TX3343414450,399106539,2026-05-22T09:28:26Z,173722,RWF,MoMo,
TX3949261157,446852639,2026-05-22T09:54:00Z,126522,XAF,Airtel Money,
TX6636975428,522530211,2026-05-22T09:58:57Z,17755,KES,Bank,
TX7000061058,141973137,2026-05-22T10:00:47Z,52967,XAF,Airtel Money,
TX7193070918,105615960,2026-05-22T10:54:06Z,18917,KES,MPESA,
TX7644828817,194574017,2026-05-22T11:11:57Z,350589,SSP,m-Gurush,
TX2680299547,969265810,2026-05-22T11:13:06Z,242833,RWF,MoMo,
TX4992446097,634425578,2026-05-22T11:50:28Z,25988,KES,mpesa,
TX2847348054,172697420,2026-05-22T13:18:45Z,12739.44,ETB,Telebirr,
TX5798744276,987936153,2026-05-22T13:54:13Z,96250,XAF,Cash,
TX4040423013,894460526,2026-05-22T14:37:41Z,75389,XAF,Moov Money,
TX6324986372,237705265,2026-05-22T14:57:55Z,11013.33,ETB,Cash,
TX5076841532,325850782,2026-05-22T15:36:45Z,24961.00,ETB,Cash,
TX5188306978,808854745,2026-05-22T15:42:01Z,115733,RWF,Cash,
TX3567576054,835160920,2026-05-23T05:24:26Z,193581,RWF,MTN MoMo,
TX8733977378,952280977,2026-05-23T06:04:39Z,203878,RWF,Airtel Money,
TX7290663939,770365974,2026-05-23T06:28:57Z,243212,RWF,MTN MoMo,
TX5789620640,702329558,2026-05-23T07:21:23Z,75655,RWF,MTN MoMo,
TX1437686464,854765866,2026-05-23T08:39:19Z,109017,RWF,Airtel Money,
TX7926489287,942063088,2026-05-23T08:44:34Z,19743,KES,M-PESA,
TX9800918083,628156964,2026-05-23T10:27:12Z,4225,KES,M-Pesa,
TX6943524219,836275591,2026-05-23T11:07:26Z,88333,XAF,Cash,
TX8817671923,709226940,2026-05-23T11:31:09Z,110817,XAF,Cash,
TX4969924317,344077056,2026-05-23T13:37:58Z,10449.00,ETB,Cash,
TX6453977789,499654739,2026-05-23T16:37:40Z,37881,XAF,Cash,
TX6694079285,946621609,2026-05-23T17:09:43Z,49833,XAF,Airtel Money,
TX3368590924,109030702,2026-05-24T07:04:55Z,61833,XAF,Cash,
TX5495056696,563311072,2026-05-24T07:30:12Z,11505.00,ETB,CBE Birr,
TX4721602939,147686766,2026-05-24T08:07:48Z,6581.78,ETB,CBE Birr,
TX7641805893,515320300,2026-05-24T08:37:43Z,244900,SSP,m-Gurush,
TX2531418579,500145514,2026-05-24T08:43:32Z,33761,KES,Cash,
TX2139629620,526987256,2026-05-24T08:46:58Z,166133,XAF,Airtel Money,
TX4794724646,738586459,2026-05-24T09:26:23Z,7553,KES,M-PESA,
TX5529149457,455413760,2026-05-24T09:34:01Z,100956,RWF,Airtel Money,
TX5794822310,532428497,2026-05-24T11:13:34Z,8058.50,ETB,telebirr,
TX2926186238,697060166,2026-05-24T11:21:38Z,18893,KES,M-Pesa,
TX7968001012,815362635,2026-05-24T11:50:16Z,3650,KES,MPESA,
TX1305966470,105839673,2026-05-24T12:03:09Z,6621,KES,Bank,
TX2823907047,301053024,2026-05-24T12:24:35Z,16100,KES,mpesa,
TX9371917294,669080723,2026-05-24T12:34:26Z,731500,SSP,Cash,
TX1912156196,677267370,2026-05-24T13:32:42Z,60067,XAF,Cash,
TX1472220150,403145050,2026-05-24T15:29:01Z,18893.33,ETB,Cash,
TX6228958720,108083740,2026-05-25T04:05:11Z,21867,KES,M-Pesa,
TX5365459801,763990240,2026-05-25T05:46:43Z,384483,SSP,Cash,
TX5372980495,459463351,2026-05-25T10:09:18Z,87083,XAF,Moov Money,
TX4224823489,451046085,2026-05-25T11:38:51Z,40883,KES,Bank,
TX1793076794,702807804,2026-05-25T12:13:17Z,113950,XAF,Cash,
TX1267540254,256042616,2026-05-25T13:17:04Z,574067,SSP,Cash,
TX9820726638,286478579,2026-05-25T14:30:45Z,"31,050",XAF,Airtel Money,
TX6685109900,322085799,2026-05-25T15:07:18Z,3564.00,etb,Cash,
TX8201330397,217710384,2026-05-25T16:52:08Z,456892,RWF,MTN MoMo,
TX7486702898,910186093,2026-05-26T05:38:37Z,253044,SSP,Bank,
TX4253339699,172316859,2026-05-26T06:23:50Z,1155467,SSP,m-Gurush,
TX3104404331,955822420,2026-05-26T06:54:15Z,9434.00,ETB,Telebirr,
TX2931122909,447086275,2026-05-26T07:33:57Z,19544.00,ETB,telebirr,
TX2887845046,692277358,2026-05-26T08:01:55Z,6031.11,ETB,telebirr,
TX3040210241,149288350,2026-05-26T09:11:10Z,79500,XAF,Moov Money,
TX8330154073,956717839,2026-05-26T11:08:34Z,61600,RWF,MoMo,
TX8260172799,296178885,2026-05-26T11:30:33Z,315467,SSP,Cash,
TX5171348556,505069599,2026-05-26T11:47:00Z,"225,250",RWF,MTN MoMo,
TX3970077607,937023093,2026-05-26T13:02:55Z,99028,RWF,MoMo,
TX7206191800,673415643,2026-05-26T13:07:20Z,798467,SSP,m-Gurush,
TX7320912880,909861273,2026-05-26T13:15:53Z,"343,656",RWF,MTN MoMo,
TX8996933215,486322343,2026-05-26T13:28:45Z,48142,XAF,Moov Money,
TX3000084909,289249336,2026-05-26T14:33:28Z,23164,KES,M-Pesa,
TX1663357211,702697781,2026-05-26T14:40:35Z,189750,XAF,Moov Money,
TX8218280344,913566648,2026-05-26T15:26:30Z,117283,SSP,Bank,
TX4191300368,515389013,2026-05-26T16:33:05Z,92750,RWF,MTN MoMo,
TX6177750581,692967454,2026-05-26T16:59:06Z,117654,XAF,Moov Money,
TX8431467884,656140305,2026-05-26T17:00:46Z,154000,XAF,Airtel Money,
TX5104683181,200240819,2026-05-27T04:12:50Z,"11,029.95",ETB,Telebirr,
TX4419841324,273927573,2026-05-27T04:29:15Z,20716,KES,M-Pesa,
TX8439852462,897096409,2026-05-27T04:53:24Z,9289.44,ETB,Cash,
TX6816715197,573956880,2026-05-27T05:10:01Z,1327333,SSP,Cash,
TX3015683030,181869236,2026-05-27T07:02:06Z,135444,SSP,m-Gurush,
TX4220658071,420703646,2026-05-27T07:26:14Z,20350,KES,Bank,
TX1474674813,967018324,2026-05-27T07:44:13Z,297622,RWF,Cash,
TX8415469065,487743281,2026-05-27T08:26:44Z,11816.61,ETB,Telebirr,
TX4054757406,519370419,2026-05-27T08:43:11Z,402511,SSP,Bank,
TX3941844317,413583270,2026-05-27T08:56:18Z,14875,KES,M-Pesa,
TX8318421791,881144618,2026-05-27T09:34:52Z,25600,KES,Bank,
TX8179982945,264197139,2026-05-27T09:38:38Z,92500,XAF,Airtel Money,
TX7536529761,780400293,2026-05-27T10:22:02Z,86800,XAF,Airtel Money,
TX3007485014,326310942,2026-05-27T10:37:48Z,39333,XAF,Airtel Money,
TX7545590336,791356452,2026-05-27T12:00:51Z,64750,XAF,Cash,
TX5255041925,562014389,2026-05-27T12:43:41Z,8774.50,ETB,telebirr,
TX8926264922,223606654,2026-05-27T12:45:15Z,12717,KES,Cash,
TX6207276737,311953078,2026-05-27T12:58:35Z,"34,947",KES,M-Pesa,
TX1495476533,583401644,2026-05-27T13:40:28Z,68250,XAF,Moov Money,
TX7775865674,211932292,2026-05-27T14:26:05Z,10908,KES,M-Pesa,
TX3605982098,764343627,2026-05-27T15:57:25Z,404000,SSP,Cash,
TX3447033086,837317843,2026-05-27T16:21:57Z,336550,SSP,Bank,
TX9931503465,534023535,2026-05-28T05:42:30Z,27472,KES,M-Pesa,
TX2754491621,646674677,2026-05-28T06:37:33Z,784000,SSP,Cash,
TX1420357196,618495260,2026-05-28T06:56:36Z,15322.50,ETB,telebirr,
TX6859738729,824987337,2026-05-28T07:10:03Z,9067.39,ETB,Cash,
TX5715793445,361316638,2026-05-28T08:01:15Z,251083,RWF,MoMo,
TX1812912497,534835426,2026-05-28T09:26:08Z,17791.78,ETB,CBE Birr,
TX6077235855,755597152,2026-05-28T09:40:51Z,13970.17,ETB,telebirr,
TX3953847578,222093104,2026-05-28T11:06:51Z,97650,RWF,MoMo,
TX6570207690,138517633,2026-05-28T12:52:55Z,12394.44,etb,Telebirr,
TX1365239215,486509642,2026-05-28T13:10:37Z,28973,KES,M-Pesa,
TX8622000030,357489472,2026-05-28T14:28:25Z,170100,SSP,m-Gurush,
TX7185888752,338067079,2026-05-29T05:22:31Z,1079833,SSP,Bank,
TX5948034761,915543847,2026-05-29T08:16:24Z,156678,RWF,Airtel Money,
TX4992521406,340591133,2026-05-29T11:27:10+02:00,504000,SSP,Bank,
TX3805091830,463877738,2026-05-29T09:30:26Z,183152,XAF,Airtel Money,
TX5604263342,917981391,2026-05-29T09:56:21Z,49777,KES,mpesa,
TX5845863681,880685686,2026-05-29T11:34:09Z,5805.00,ETB,Cash,
TX5461043376,510769386,2026-05-29T11:35:11Z,169333,RWF,Cash,
TX6810944101,726640557,2026-05-29T12:09:31Z,4372.50,ETB,telebirr,
TX7807973331,636487972,2026-05-29T12:31:57Z,102150,RWF,Cash,
TX5173720901,691803136,2026-05-29T13:20:05Z,223450,XAF,Airtel Money,
TX8784826882,581159355,2026-05-30T04:49:46Z,19440,KES,M-PESA,
TX9977935717,678874247,2026-05-30T07:19:21Z,162975,RWF,Airtel Money,
TX1326746997,115481773,2026-05-30T07:50:48Z,90667,RWF,MoMo,
TX3896101022,127173887,2026-05-30T08:06:06Z,9839.10,ETB,CBE Birr,
TX9880793933,228992768,2026-05-30T08:19:28Z,47052,KES,Cash,
TX9885052213,401566999,2026-05-30T09:02:13Z,11989,KES,mpesa,
TX6569675218,359025439,2026-05-30T10:10:09Z,103500,RWF,Airtel Money,
TX7595634356,547190435,2026-05-30T13:36:03Z,46383,KES,MPESA,
TX3529544581,489124720,2026-05-30T13:47:18Z,29867,XAF,Airtel Money,
TX4881678378,647704848,2026-05-30T13:57:54Z,1018733,SSP,m-Gurush,
TX8682257161,784149124,2026-05-30T14:02:42Z,18499.78,ETB,Telebirr,
TX5590121232,902363855,2026-05-30T14:30:59Z,207100,XAF,Moov Money,
TX7042932654,422559057,2026-05-30T15:11:48Z,628667,SSP,Bank,
TX3764378006,384574370,2026-05-30T15:11:54Z,11375.00,ETB,Cash,
TX2988224389,293380719,2026-05-30T15:22:50Z,9300,KES,mpesa,
TX1860213324,502213128,2026-05-30T15:40:02Z,14978.33,ETB,telebirr,
TX4229177057,838503438,2026-05-31T04:58:00Z,51147,KES,M-Pesa,
TX1337543151,793007553,2026-05-31T06:01:45Z,462822,SSP,Cash,
TX3353564395,324838207,2026-05-31T06:05:27Z,186644,RWF,MTN MoMo,
TX4476591077,630347884,2026-05-31T07:53:57Z,9975.10,ETB,Telebirr,
TX4666639583,316377713,2026-05-31T07:57:27Z,12714,KES,mpesa,
TX6365477751,863810049,2026-05-31T09:10:27Z,7020.14,ETB,Cash,
TX2057390549,426299978,2026-05-31T09:11:11Z,556150,SSP,Bank,
TX8856540711,556485349,2026-05-31T09:12:19Z,3606,KES,Bank,
TX1021501274,330372269,2026-05-31T10:02:22Z,28068,KES,M-Pesa,
TX5853534262,738293456,2026-05-31T10:15:01Z,9977.56,ETB,CBE Birr,
TX3090519502,960883627,2026-05-31T10:24:52Z,472267,SSP,Cash,
TX4376328306,581542805,2026-05-31T10:25:22Z,8690.00,ETB,Cash,
TX1121198885,613530944,2026-05-31T10:36:06Z,48414,KES,Bank,
TX2985340391,750976104,2026-05-31T11:33:58Z,1484000,ssp,m-Gurush,
TX7137051031,507478959,2026-05-31T11:46:09Z,368783,SSP,Bank,
TX8987348097,744829152,2026-05-31T12:02:43Z,196200,XAF,Airtel Money,
TX5171642960,380859931,2026-05-31T14:11:23Z,17025.00,ETB,telebirr,
TX7664740846,250328666,2026-05-31T15:15:03Z,6862.17,ETB,Telebirr,
TX5184622405,803745360,2026-05-31T15:42:18Z,21248,KES,Cash,
TX7765133604,998591232,2026-05-31T15:46:08Z,83256,RWF,MTN MoMo,
TX9403454874,579169693,2026-05-31T17:18:10Z,89156,XAF,Cash,
TX3729341894,498682392,2026-05-31T21:25:56Z,41681,RWF,MTN MoMo,
TX3661051486,691803136,2026-05-31T21:27:32Z,60101,XAF,Airtel Money,
TX3431638786,770800794,2026-05-31T21:28:57Z,216639,SSP,m-Gurush,
TX2789703958,487194591,2026-05-31T21:54:39Z,7919,KES,M-Pesa,
TX8692922561,320221411,2026-05-31T22:14:13Z,144003,SSP,m-Gurush,
TX4193144864,249719036,2026-05-31T22:23:28Z,19478,XAF,Airtel Money,
TX8995792915,915543847,2026-05-31T22:25:18Z,41693,RWF,MTN MoMo,
TX8154346655,905670543,2026-05-31T22:51:29Z,10807,KES,M-Pesa,
TX6196321687,317455752,2026-06-01T08:07:30Z,108000,XAF,Moov Money,
TX2872378064,943172523,2026-06-01T08:20:34Z,38088,KES,M-Pesa,
TX9597876070,700981897,2026-06-01T08:25:29Z,910150,SSP,m-Gurush,
TX4090105933,651937507,2026-06-01T10:53:37Z,315611,RWF,MTN MoMo,
TX4899718563,803815307,2026-06-01T14:49:24Z,224000,RWF,MTN MoMo,
TX1877303452,611369980,2026-06-01T15:07:15Z,12693,KES,M-PESA,
TX2309633244,292670672,2026-06-01T15:40:00Z,1161067,SSP,Cash,
TX4923402604,698439751,2026-06-02T04:57:34Z,6376.11,ETB,telebirr,
TX2184184864,333859175,2026-06-02T07:32:54Z,2180.00,ETB,Cash,
TX1064797867,762307922,2026-06-02T07:53:36Z,4480.00,ETB,Telebirr,
TX7033293719,995708279,2026-06-02T09:11:12Z,7526.00,ETB,Cash,
TX6093356046,735875101,2026-06-02T09:59:40Z,658933,SSP,m-Gurush,
TX7866633329,981427097,2026-06-02T10:40:39Z,"157,989",RWF,Airtel Money,
TX6203545820,536892936,2026-06-02T13:53:07Z,31050,XAF,Airtel Money,
TX1719765685,445133733,2026-06-02T14:00:52Z,24833.83,ETB,Telebirr,
TX3445857551,981800864,2026-06-02T15:46:40Z,"579,467",SSP,Bank,
TX5404236482,484795893,2026-06-02T16:18:13Z,"146,289",XAF,Moov Money,
TX2619716171,236605175,2026-06-02T16:27:59Z,225739,RWF,Airtel Money,
TX6781327629,304132227,2026-06-03T05:39:39Z,"19,869",KES,MPESA,
TX8106310006,932753965,2026-06-03T06:26:56Z,7730.56,ETB,Cash,
TX3571019288,927185794,2026-06-03T06:57:46Z,10476.00,ETB,telebirr,
TX8821730645,758645515,2026-06-03T06:58:03Z,1333433,SSP,Cash,
TX1066918471,226520847,2026-06-03T07:17:06Z,121389,RWF,Airtel Money,
TX9218735932,515468579,2026-06-03T07:27:26Z,30883,XAF,Cash,
TX1475362073,521160759,2026-06-03T09:15:59Z,1570.00,ETB,Cash,
TX5713036830,282817206,2026-06-03T10:02:16Z,29708,KES,M-Pesa,
TX6119498688,980323916,2026-06-03T10:41:30Z,43758,XAF,Moov Money,
TX8465562039,207172809,2026-06-03T10:42:16Z,102267,XAF,Moov Money,
TX7606830840,369169259,2026-06-03T10:46:34Z,130456,XAF,Moov Money,
TX7338260890,888303128,2026-06-03T11:13:26Z,177733,SSP,Cash,
TX2124260188,679451073,2026-06-03T12:31:20Z,304111,RWF,MoMo,
TX3289869145,980383599,2026-06-03T13:31:04Z,27600,KES,MPESA,
TX5678877130,495608363,2026-06-03T13:53:24Z,528267,RWF,Airtel Money,
TX4832288228,962229716,2026-06-03T15:07:02Z,878444,SSP,m-Gurush,
TX1397165194,990920213,2026-06-03T15:26:00Z,86800,XAF,Airtel Money,
TX3496438936,992040540,2026-06-04T05:03:40Z,528378,SSP,Cash,
TX4041407225,878534411,2026-06-04T07:31:10+02:00,554900,SSP,Bank,
TX8519618386,777040994,2026-06-04T06:39:28Z,26133,KES,MPESA,
TX2815532391,855419670,2026-06-04T07:49:40Z,118833,RWF,MTN MoMo,
TX2545036437,358074733,2026-06-04T10:13:06Z,267667,XAF,Airtel Money,
TX7514715338,846473145,2026-06-04T10:47:50Z,49323,KES,MPESA,
TX8438248392,488091483,2026-06-04T11:04:49Z,9381.00,ETB,telebirr,
TX4483264444,264469978,2026-06-04T11:55:16Z,196000,RWF,MoMo,
TX4875126666,985721093,2026-06-04T11:56:08Z,9176,KES,M-Pesa,
TX1657420470,668140577,2026-06-04T14:06:27Z,2849.44,ETB,CBE Birr,
TX4996376416,580386853,2026-06-04T14:20:04Z,106950,xaf,Cash,
TX5781724755,751772041,2026-06-04T14:56:39Z,6671.28,ETB,telebirr,
TX7293670892,170053145,2026-06-04T15:10:16Z,44800,XAF,Moov Money,
TX9369272171,456344306,2026-06-04T15:23:07Z,564433,SSP,Bank,
TX4890985378,229339558,2026-06-04T15:34:48Z,218803,RWF,Airtel Money,
TX6331261663,447902452,2026-06-04T15:38:53Z,374267,RWF,MTN MoMo,
TX5335743109,547992738,2026-06-04T15:42:28Z,784000,ssp,Cash,
TX7608452551,128979605,2026-06-04T15:53:32Z,13431,KES,mpesa,
TX7653887124,995944720,2026-06-05T05:19:36Z,273317,RWF,Airtel Money,
TX4154431304,725686429,2026-06-05T05:24:56Z,10800.00,ETB,CBE Birr,
TX4710252729,205563339,2026-06-05T05:50:34Z,6426.00,ETB,CBE Birr,
TX3508665250,215328556,2026-06-05T06:06:20Z,236389,SSP,Bank,
TX3441471653,688117175,2026-06-05T09:09:32+03:00,26506.67,ETB,Cash,
TX5447471479,799570287,2026-06-05T06:46:58Z,"125,875",RWF,MTN MoMo,
TX8093564876,170496977,2026-06-05T06:51:17Z,21023,KES,M-Pesa,
TX7492560551,471918215,2026-06-05T06:56:39Z,42400,XAF,Moov Money,
TX8595702816,417341422,2026-06-05T07:05:07Z,306800,SSP,Bank,
TX3190990046,289040705,2026-06-05T07:16:20Z,7490.00,ETB,telebirr,
TX2333598800,524023289,2026-06-05T08:30:54Z,180969,XAF,Moov Money,
TX5888948291,802500591,2026-06-05T08:32:07Z,18390,KES,Bank,
TX4343786797,444915069,2026-06-05T09:11:25Z,"544,133",SSP,m-Gurush,
TX9769436200,596763438,2026-06-05T09:30:13Z,19678,kes,Bank,
TX6513915039,916273172,2026-06-05T09:48:27Z,10719.00,ETB,Telebirr,
TX1367153686,930273679,2026-06-05T10:01:38Z,84972,XAF,Cash,
TX9018648729,280734513,2026-06-05T10:15:12Z,72767,XAF,Moov Money,
TX7136835958,348775058,2026-06-05T10:39:39Z,570500,SSP,Bank,
TX1207960329,149510215,2026-06-05T11:05:21Z,148181,XAF,Moov Money,
TX1152512475,824204282,2026-06-05T11:10:35Z,109717,SSP,Bank,
TX8428750278,421364248,2026-06-05T11:16:27Z,54574,RWF,MTN MoMo,
TX5177239084,154284346,2026-06-05T11:59:43Z,23520,KES,mpesa,
TX3948340917,830734832,2026-06-05T12:02:42Z,547867,RWF,MTN MoMo,
TX3733553248,349576704,2026-06-05T14:17:03Z,134500,XAF,Cash,
TX4982525555,494520739,2026-06-05T14:50:55Z,736000,SSP,Cash,
TX2963540544,494242419,2026-06-05T15:15:04Z,41333,XAF,Cash,
TX1430998771,370796204,2026-06-05T16:00:26Z,443667,SSP,Cash,
TX8512307504,562712313,2026-06-06T04:22:37Z,10976.00,ETB,CBE Birr,
TX5282876219,382359497,2026-06-06T05:26:05Z,518933,RWF,MoMo,
TX9701934417,574390633,2026-06-06T06:36:57Z,317800,RWF,Cash,
TX5227235053,403781108,2026-06-06T06:49:59Z,570667,SSP,m-Gurush,
TX5757957586,413004225,2026-06-06T06:57:05Z,19043,KES,MPESA,
TX9557088764,278927308,2026-06-06T08:09:18Z,3922.78,ETB,telebirr,
TX9327190158,693226014,2026-06-06T08:41:34Z,132367,XAF,Cash,
TX7012411066,801725369,2026-06-06T08:48:20Z,90450,XAF,Moov Money,
TX4685238755,217219653,2026-06-06T09:37:24Z,129800,xaf,Cash,
TX8327733747,631423004,2026-06-06T10:29:10Z,40875,RWF,MTN MoMo,
TX4804434006,505766440,2026-06-06T11:51:23Z,588000,SSP,m-Gurush,
TX2272785705,918929170,2026-06-06T12:29:50Z,18948,KES,MPESA,
TX9386610403,569010866,2026-06-06T12:42:15Z,120150,RWF,MoMo,
TX9729356967,841619737,2026-06-06T12:43:31Z,47700,XAF,Airtel Money,
TX2608723126,353940893,2026-06-06T13:16:40Z,291200,RWF,MoMo,
TX6296089536,549780354,2026-06-06T13:36:35Z,7560.00,ETB,CBE Birr,
TX8294010084,677446274,2026-06-06T13:56:19Z,17877,KES,MPESA,
TX7207000375,609017214,2026-06-06T14:02:30Z,54250,XAF,Airtel Money,
TX6974228782,418764137,2026-06-06T14:23:44Z,20000,KES,Cash,
TX1778944780,923338240,2026-06-06T14:43:20Z,111467,XAF,Airtel Money,
TX3123158151,882232699,2026-06-06T15:24:18Z,237602,SSP,Bank,
TX5617765069,119263570,2026-06-06T17:27:35Z,57033,XAF,Cash,
TX7670420460,885073930,2026-06-07T04:58:52Z,45689,KES,MPESA,
TX4597024197,191035460,2026-06-07T06:21:47Z,3226.67,ETB,telebirr,
TX7352040865,189242498,2026-06-07T07:20:52Z,788333,SSP,Cash,
TX3425605421,539001569,2026-06-07T07:49:13Z,283200,SSP,Cash,
TX6960574843,298098448,2026-06-07T08:04:12Z,185090,SSP,Bank,
TX9110554729,449024902,2026-06-07T09:02:54Z,17325,KES,Cash,
TX9265715039,230914951,2026-06-07T09:13:22Z,219950,SSP,m-Gurush,
TX3311064580,531687483,2026-06-07T09:32:00Z,163604,SSP,m-Gurush,
TX6603627989,504782610,2026-06-07T10:57:31Z,71300,SSP,Bank,
TX3902421613,564680337,2026-06-07T11:22:34Z,44167,XAF,Moov Money,
TX9107827182,356335646,2026-06-07T12:04:56Z,87750,XAF,Airtel Money,
TX2295531782,698307064,2026-06-07T12:36:29Z,206500,SSP,m-Gurush,
TX7623389889,648971734,2026-06-07T13:16:24Z,718111,SSP,Cash,
TX5031852069,988747364,2026-06-07T13:33:16Z,1113617,SSP,Bank,
TX4326937515,183032352,2026-06-07T13:52:17Z,187489,XAF,Moov Money,
TX7823438370,689832737,2026-06-07T14:12:29Z,176217,XAF,Airtel Money,
TX8135221711,567949088,2026-06-07T14:23:38Z,60000,RWF,Cash,
TX7593898586,782816117,2026-06-07T15:02:49Z,376133,RWF,Cash,
TX5765760983,177755837,2026-06-07T15:22:05Z,33419,RWF,Cash,
TX1040000764,889641484,2026-06-07T15:53:56Z,4578.00,ETB,Telebirr,
TX8938157103,112470581,2026-06-08T05:01:58Z,274000,ssp,Cash,
TX9576792143,574049895,2026-06-08T05:22:07Z,477014,SSP,m-Gurush,
TX3339273165,894286190,2026-06-08T05:24:01Z,5579,KES,M-Pesa,
TX8864898655,137191515,2026-06-08T05:46:48Z,295731,RWF,MoMo,
TX9708719460,305613214,2026-06-08T07:22:47Z,46544,RWF,Cash,
TX9039650855,399941219,2026-06-08T07:29:55Z,11898.50,ETB,CBE Birr,
TX9542437233,307507392,2026-06-08T07:37:20Z,5673.33,ETB,CBE Birr,
TX9487545241,411152330,2026-06-08T07:39:41Z,16760.17,ETB,Cash,
TX4829000242,734714896,2026-06-08T08:16:19Z,148156,XAF,Cash,
TX6221836324,984947412,2026-06-08T09:01:28Z,73422,XAF,Moov Money,
TX3016517181,873374695,2026-06-08T09:23:32Z,9301.50,ETB,telebirr,
TX9762229560,210966693,2026-06-08T09:27:28Z,290667,SSP,m-Gurush,
TX7213144228,552012226,2026-06-08T10:18:05Z,8154.00,ETB,Cash,
TX8095488867,176395108,2026-06-08T11:11:24Z,42000,KES,mpesa,
TX2319886315,404738164,2026-06-08T11:40:27Z,22888,KES,Cash,
TX2722311507,755679474,2026-06-08T11:48:54Z,131156,XAF,Cash,
TX6430643115,688561997,2026-06-08T12:28:53Z,176044,RWF,Cash,
TX2804361262,363737951,2026-06-08T13:55:28Z,197750,RWF,Cash,
TX6453922680,488252664,2026-06-08T14:44:56Z,206267,xaf,Airtel Money,
TX9563607411,302769152,2026-06-08T15:39:11Z,8063,KES,Cash,
TX2155399151,480396727,2026-06-08T16:06:44Z,98000,XAF,Cash,
TX1205358217,266964787,2026-06-08T17:58:02Z,159300,XAF,Airtel Money,
TX5274916981,174221725,2026-06-09T06:26:47Z,453258,RWF,MTN MoMo,
TX9681544998,303016581,2026-06-09T07:35:04Z,16835.83,ETB,Cash,
TX4351096800,299691198,2026-06-09T08:58:42Z,46480,KES,M-Pesa,
TX9745142786,970524937,2026-06-09T09:45:15Z,794500,SSP,Bank,
TX1630287480,781524429,2026-06-09T11:47:55+02:00,90833,SSP,Bank,
TX5952502041,285284555,2026-06-09T10:05:34Z,5359,KES,Cash,
TX2853072943,231310643,2026-06-09T10:11:08Z,181333,RWF,Airtel Money,
TX3338014021,810591886,2026-06-09T11:43:35Z,5565,KES,Bank,
TX8154564465,906344490,2026-06-09T11:54:04Z,406078,SSP,Bank,
TX1800872653,670609075,2026-06-09T12:50:52Z,8600.78,ETB,Telebirr,
TX5492643239,498902026,2026-06-09T12:58:38Z,301583,RWF,MoMo,
TX1637313609,953217618,2026-06-09T15:01:39Z,21747,KES,Bank,
TX8057207169,313651608,2026-06-09T15:31:22Z,53756,RWF,MTN MoMo,
TX9242228677,198103161,2026-06-09T15:31:27Z,22275,KES,Cash,
TX8939455544,570505900,2026-06-09T16:20:30Z,189456,RWF,Cash,
TX7357993006,848266510,2026-06-09T16:38:28Z,578667,SSP,Cash,
TX1470604222,441969169,2026-06-09T16:47:53Z,88667,RWF,MoMo,
TX9487523683,947166853,2026-06-09T16:54:58Z,153267,XAF,Cash,
TX8812608544,949326248,2026-06-09T17:59:45Z,36711,XAF,Cash,
TX2294379216,854598637,2026-06-10T05:14:59Z,10891.50,ETB,CBE Birr,
TX2626495332,762303282,2026-06-10T06:49:29Z,95375,XAF,Airtel Money,
TX4378693858,498682392,2026-06-10T07:01:14Z,112633,RWF,Airtel Money,
TX5316281897,997323295,2026-06-10T08:23:01Z,12400,KES,MPESA,
TX3418964530,955998891,2026-06-10T09:20:06Z,119387,XAF,Cash,
TX6946618366,286192926,2026-06-10T09:54:47Z,141775,RWF,Cash,
TX1844148882,949933998,2026-06-10T10:33:32Z,40227,KES,Bank,
TX5692382855,763353951,2026-06-10T10:42:37Z,10034.67,ETB,CBE Birr,
TX7107493653,452419538,2026-06-10T11:52:26Z,105544,XAF,Cash,
TX5666246185,894182494,2026-06-10T12:16:56Z,234267,XAF,Airtel Money,
TX8777890274,990422559,2026-06-10T12:49:35Z,427533,SSP,Bank,
TX9999274789,414016546,2026-06-10T13:01:55Z,23958,KES,Cash,
TX4136919290,743722654,2026-06-10T13:06:51Z,194333,RWF,MTN MoMo,
TX8748787484,138383353,2026-06-10T13:18:24Z,620549,SSP,Cash,
TX6259205104,900173837,2026-06-10T13:44:58Z,363200,SSP,m-Gurush,
TX6077080380,159043428,2026-06-10T14:22:04Z,108267,XAF,Airtel Money,
TX3539460921,631716695,2026-06-10T14:45:03Z,355158,RWF,Airtel Money,
TX6041793383,217872687,2026-06-10T16:37:33Z,195750,RWF,MTN MoMo,
TX6730393592,605757240,2026-06-11T07:31:11Z,35924,KES,M-Pesa,
TX8958570694,894693869,2026-06-11T09:56:21Z,7226.17,ETB,CBE Birr,
TX2593984358,365030222,2026-06-11T12:07:44+01:00,52967,XAF,Cash,
TX7414703105,107856334,2026-06-11T11:48:22Z,12840.05,ETB,telebirr,
TX6409493101,793553762,2026-06-11T12:35:05Z,68250,XAF,Moov Money,
TX1716454154,101905184,2026-06-11T13:29:41Z,41627,KES,M-Pesa,
TX8908494460,722225759,2026-06-11T14:52:06Z,49333,xaf,Cash,
TX8443963394,330522218,2026-06-11T15:32:37Z,"16,061.67",ETB,CBE Birr,
TX8004795650,256105096,2026-06-11T15:32:48Z,437000,SSP,m-Gurush,
TX4166259423,964999374,2026-06-11T15:46:08Z,"590,333",SSP,Bank,
TX6707477592,457166583,2026-06-11T16:55:34Z,841733,ssp,Cash,
TX1790187056,333203768,2026-06-11T17:44:49Z,34100,XAF,Airtel Money,
TX3401474695,752818795,2026-06-12T04:11:16Z,18218.67,ETB,Telebirr,
TX6933077676,479643855,2026-06-12T05:25:30Z,6489.33,ETB,CBE Birr,
TX7446109580,672965871,2026-06-12T06:20:09Z,321067,SSP,Bank,
TX4112556251,250985202,2026-06-12T07:19:33Z,1829.00,ETB,telebirr,
TX3717066190,435025473,2026-06-12T07:22:13Z,13417,XAF,Cash,
TX8529285639,473824063,2026-06-12T08:10:09Z,15013.89,ETB,telebirr,
TX5038426918,981954296,2026-06-12T08:16:26Z,81342,XAF,Airtel Money,
TX3750305271,297584643,2026-06-12T08:22:53Z,30960,KES,MPESA,
TX9213346137,742726969,2026-06-12T09:30:01Z,91122,XAF,Airtel Money,
TX8801709332,538831590,2026-06-12T11:18:40Z,207639,RWF,MTN MoMo,
TX8913796530,597417922,2026-06-12T11:58:21Z,34375,KES,mpesa,
TX1297864183,371671987,2026-06-12T12:25:29Z,263762,RWF,Airtel Money,
TX7082650850,252310783,2026-06-12T12:28:30Z,17472.00,ETB,Telebirr,
TX2095146131,275585993,2026-06-12T12:29:39Z,369733,RWF,Airtel Money,
TX4336801967,733241777,2026-06-12T12:31:48Z,105333,RWF,MoMo,
TX3366204046,198462606,2026-06-12T12:56:51Z,22290.50,ETB,telebirr,
TX7826727960,640721685,2026-06-12T14:12:31Z,43917,RWF,MTN MoMo,
TX6380981336,115382131,2026-06-12T14:15:59Z,81267,RWF,MoMo,
TX9651869067,825314909,2026-06-12T14:25:04Z,744056,SSP,Bank,
TX6355661954,235263978,2026-06-12T14:51:05Z,343280,SSP,m-Gurush,
TX5394667589,487194591,2026-06-13T07:36:00+03:00,24071,KES,Cash,
TX4363282878,407159600,2026-06-13T05:01:01Z,15614.44,ETB,Telebirr,
TX8576862917,496998281,2026-06-13T05:16:08Z,791467,SSP,Bank,
TX4806887849,386931124,2026-06-13T05:18:15Z,20798,KES,mpesa,
TX1986065154,378411322,2026-06-13T05:23:43Z,189842,RWF,Airtel Money,
TX1700693368,126797987,2026-06-13T06:13:44Z,360400,SSP,Bank,
TX4569452785,142276144,2026-06-13T07:16:40Z,59400,XAF,Cash,
TX6534468451,128473652,2026-06-13T07:45:30Z,17844.22,ETB,telebirr,
TX6099526580,823144024,2026-06-13T08:12:03Z,14000.00,ETB,CBE Birr,
TX8041377356,386591847,2026-06-13T08:42:51Z,12262.17,ETB,Telebirr,
TX1381728593,153343921,2026-06-13T08:53:39Z,46667,XAF,Moov Money,
TX7628106422,195202110,2026-06-13T10:40:51Z,253000,RWF,MoMo,
TX8754087966,298417155,2026-06-13T10:42:08Z,38042,KES,MPESA,
TX3474987242,565669918,2026-06-13T10:42:41Z,"5,512.00",ETB,Telebirr,
TX8804650624,960105737,2026-06-13T11:15:30Z,338250,RWF,MTN MoMo,
TX9785158879,716682002,2026-06-13T11:28:17Z,1338400,SSP,Cash,
TX9970883637,905670543,2026-06-13T11:34:58Z,"25,433",kes,Cash,
TX7992987133,248556384,2026-06-13T11:51:10Z,8197.22,ETB,Cash,
TX3675214465,678590332,2026-06-13T14:18:03+02:00,629333,SSP,Bank,
TX5089333431,989472891,2026-06-13T13:33:30Z,19200,KES,mpesa,
TX6256973870,674635998,2026-06-13T13:58:21Z,1010167,SSP,Cash,
TX2938432246,482096458,2026-06-13T14:50:30Z,149500,XAF,Moov Money,
TX8767399301,249719036,2026-06-13T14:56:43Z,35892,XAF,Airtel Money,
TX9980999960,378370939,2026-06-13T15:39:08Z,12250,KES,MPESA,
TX2948720999,458182472,2026-06-13T16:16:31Z,916828,SSP,Cash,
TX8608335199,569061974,2026-06-13T16:31:14Z,88000,XAF,Airtel Money,
TX8513572870,595172347,2026-06-14T05:03:45Z,8003.00,ETB,telebirr,
TX8247450175,245654881,2026-06-14T05:40:46Z,27207,KES,M-Pesa,
TX7803110885,755344929,2026-06-14T06:45:34Z,364806,RWF,Airtel Money,
TX4581364045,591597903,2026-06-14T07:50:36Z,236500,RWF,MoMo,
TX2177924396,578572682,2026-06-14T08:39:12Z,22297,KES,mpesa,
TX4428484365,255990764,2026-06-14T08:59:33Z,403300,SSP,Bank,
TX1813566413,619524634,2026-06-14T09:40:16Z,212000,RWF,Airtel Money,
TX1923694734,742769116,2026-06-14T10:12:09Z,161683,SSP,Bank,
TX8155041108,686834671,2026-06-14T10:28:58Z,116500,XAF,Cash,
TX2418122354,675203843,2026-06-14T12:19:12Z,323844,RWF,Cash,
TX4624122416,286613517,2026-06-14T13:01:17Z,8053.33,ETB,telebirr,
TX9793249720,183792384,2026-06-14T13:09:07Z,383167,SSP,Bank,
TX3627905533,206908515,2026-06-14T13:43:41Z,148500,XAF,Airtel Money,
TX7327609102,589721030,2026-06-14T14:11:30Z,437733,RWF,Airtel Money,
TX6337060970,715716918,2026-06-14T15:13:57Z,12548,KES,MPESA,
TX4394739038,815311778,2026-06-14T15:25:04Z,343954,SSP,Cash,
TX7860645424,892059026,2026-06-14T15:59:16Z,51497,XAF,Airtel Money,
TX4337511906,742376294,2026-06-14T16:52:59Z,145658,XAF,Cash,
TX1419131456,801803899,2026-06-14T17:44:39Z,95500,XAF,Airtel Money,
TX5152643209,840938529,2026-06-15T05:58:20Z,357533,SSP,m-Gurush,
TX6088468202,155261205,2026-06-15T06:52:41Z,"74,406",XAF,Cash,
TX9587033600,636590935,2026-06-15T07:12:00Z,1258254,SSP,Cash,
TX2628620174,835995435,2026-06-15T08:32:46Z,238608,RWF,Cash,
TX7672899764,432197706,2026-06-15T10:38:44Z,8944,KES,M-PESA,
TX2068844972,661899962,2026-06-15T11:35:49Z,16697.11,ETB,telebirr,
TX8177573513,866920433,2026-06-15T11:39:43Z,190800,SSP,m-Gurush,
TX3061221424,858472307,2026-06-15T12:27:26Z,"150,867",XAF,Airtel Money,
TX8618391436,174765781,2026-06-15T12:49:20Z,8533,KES,Cash,
TX9302248662,204483756,2026-06-15T13:52:34Z,494667,SSP,Cash,
TX7299558753,632019231,2026-06-15T14:14:40Z,308917,RWF,MoMo,
TX5053015764,451628028,2026-06-15T14:24:01Z,224000,RWF,MoMo,
TX5642515468,390217963,2026-06-15T14:45:43Z,27919,KES,M-PESA,
TX5661932596,260746819,2026-06-15T14:51:28Z,23411.67,ETB,CBE Birr,
TX8961155520,122057660,2026-06-15T15:41:17Z,19983,KES,M-PESA,
TX5447595554,733784078,2026-06-15T15:47:33Z,"76,667",RWF,MoMo,
TX1002870048,679931098,2026-06-15T16:20:54Z,112444,RWF,Airtel Money,
TX6608975559,552450906,2026-06-16T05:05:25Z,486267,RWF,Cash,
TX5447693545,413230655,2026-06-16T05:50:24Z,174033,RWF,Cash,
TX8506641583,320221411,2026-06-16T06:00:34Z,485333,SSP,Bank,
TX9590391683,295017351,2026-06-16T08:46:32Z,520800,SSP,m-Gurush,
TX9871825379,770800794,2026-06-16T08:57:33Z,1254400,SSP,Cash,
TX8430826570,738243444,2026-06-16T09:13:35Z,252000,RWF,Airtel Money,
TX9684347771,119480668,2026-06-16T09:13:58Z,87418,XAF,Airtel Money,
TX7821023553,421728684,2026-06-16T09:34:29Z,84138,RWF,MTN MoMo,
TX5571183982,849499956,2026-06-16T09:48:07Z,4160.50,ETB,Telebirr,
TX5611384041,878728816,2026-06-16T09:50:39Z,341917,RWF,MoMo,
TX4521286164,477855053,2026-06-16T10:55:58Z,125583,RWF,MoMo,
TX5791237046,215369201,2026-06-16T11:00:05Z,207100,SSP,m-Gurush,
TX9773653029,370159815,2026-06-16T11:31:35Z,13708.28,ETB,telebirr,
TX4158009776,953731995,2026-06-16T11:37:07Z,18487,KES,mpesa,
TX5285080685,289916596,2026-06-16T12:00:03Z,222600,RWF,MTN MoMo,
TX7772428902,154355513,2026-06-16T12:31:47Z,208467,RWF,MTN MoMo,
TX3960866905,650936448,2026-06-16T12:42:07Z,172411,XAF,Cash,
TX5998630007,339967557,2026-06-16T13:20:10Z,"11,883",KES,M-Pesa,
TX7483304882,320197950,2026-06-16T14:02:18Z,199000,RWF,MTN MoMo,
TX5846339658,931521837,2026-06-16T14:02:19Z,23055,KES,M-Pesa,
TX2424958652,408570277,2026-06-16T16:58:29+02:00,463867,RWF,MoMo,
TX5921576477,324959799,2026-06-16T17:04:20+02:00,733333,SSP,Cash,
TX6511670205,373067687,2026-06-16T15:49:31Z,505267,SSP,Bank,
TX3657302369,857733123,2026-06-16T16:25:28Z,661889,SSP,Cash,
TX4468583759,656845543,2026-06-16T16:34:26Z,44722,RWF,Cash,
TX2050969388,442286307,2026-06-17T05:30:11Z,17876.00,ETB,Cash,
TX1955974612,802674593,2026-06-17T06:18:50Z,110667,XAF,Airtel Money,
TX9507285313,775522883,2026-06-17T08:14:05Z,23993,KES,Cash,
TX4116411954,250701565,2026-06-17T08:50:28Z,442400,SSP,Cash,
TX5681497024,875897066,2026-06-17T09:01:55Z,565333,SSP,m-Gurush,
TX5878609786,175521526,2026-06-17T09:17:57Z,4574.44,ETB,Telebirr,
TX3998514252,117300459,2026-06-17T09:51:11Z,17225,KES,M-Pesa,
TX9538868630,743626860,2026-06-17T10:04:59Z,27000,XAF,Cash,
TX5767210160,772200187,2026-06-17T10:50:04Z,503500,SSP,Bank,
TX8611556226,352379708,2026-06-17T11:04:54Z,17620,KES,M-Pesa,
TX5904825260,739048748,2026-06-17T14:16:51Z,5632,KES,M-PESA,
TX6812847253,510963042,2026-06-17T14:30:05Z,130333,XAF,Moov Money,
TX1486180671,644714212,2026-06-17T14:41:19Z,70806,XAF,Airtel Money,
TX2163914855,850559321,2026-06-17T15:34:22Z,153972,XAF,Airtel Money,
TX2388207293,799571535,2026-06-17T16:43:22Z,13000,XAF,Moov Money,
TX1149115623,748235096,2026-06-18T04:35:02Z,19710,KES,M-PESA,
TX5851764573,617600395,2026-06-18T05:11:52Z,304750,SSP,Bank,
TX3622562450,446852639,2026-06-18T06:22:13Z,126522,XAF,Airtel Money,
TX4291331175,361580969,2026-06-18T06:44:02Z,44000,XAF,Moov Money,
TX2609111668,258067051,2026-06-18T06:49:58Z,204400,RWF,Cash,
TX2699815227,737574500,2026-06-18T07:31:04Z,554083,SSP,m-Gurush,
TX2223341444,244482938,2026-06-18T08:47:02Z,123667,RWF,MTN MoMo,
TX2142857084,439467276,2026-06-18T09:50:44Z,12649.33,ETB,Telebirr,
TX3728202805,205182098,2026-06-18T10:06:09Z,13111,XAF,Moov Money,
TX4902325140,304436201,2026-06-18T11:12:46Z,1241333,SSP,Bank,
TX5856896574,172697420,2026-06-18T12:56:55Z,12739.44,ETB,CBE Birr,
TX2252829414,884035233,2026-06-18T14:16:02Z,297733,RWF,Cash,
TX1230627137,168748108,2026-06-18T14:34:56Z,52708,KES,M-Pesa,
TX8555757303,346158502,2026-06-18T14:50:29Z,208083,RWF,MoMo,
TX9631983676,946621609,2026-06-18T15:27:47Z,49833,XAF,Moov Money,
TX6626319856,278975179,2026-06-18T15:44:34Z,8901.67,ETB,Telebirr,
TX3701699824,312988665,2026-06-18T16:18:42Z,132300,RWF,MTN MoMo,
TX7156543984,310284756,2026-06-19T05:20:19Z,248456,RWF,Airtel Money,
TX2037920174,652741509,2026-06-19T06:13:44Z,141333,SSP,m-Gurush,
TX2285867942,867759563,2026-06-19T06:15:16Z,62500,XAF,Cash,
TX3602052220,620563765,2026-06-19T06:45:50Z,677222,SSP,Bank,
TX1300471831,400481810,2026-06-19T06:46:51Z,2016.67,ETB,telebirr,
TX7248247620,629904719,2026-06-19T07:06:47Z,17025,XAF,Cash,
TX4705636618,466874796,2026-06-19T10:56:44+03:00,3474,KES,mpesa,
TX2732750937,432971345,2026-06-19T08:07:31Z,231433,RWF,Airtel Money,
TX8135606325,563311072,2026-06-19T08:59:35Z,11505.00,ETB,Telebirr,
TX9028874531,382927932,2026-06-19T09:10:12Z,66700,XAF,Cash,
TX2510931525,884781002,2026-06-19T10:51:34Z,696667,SSP,Bank,
TX5372206854,355375927,2026-06-19T10:51:54Z,100825,XAF,Moov Money,
TX6418239572,379621051,2026-06-19T15:06:46+03:00,22605.33,ETB,Telebirr,
TX1300827738,449541035,2026-06-19T12:13:34Z,375100,SSP,m-Gurush,
TX1451367938,952280977,2026-06-19T12:16:19Z,203878,RWF,Airtel Money,
TX2991874763,847425828,2026-06-19T12:29:21Z,"152,744",XAF,Cash,
TX8792393906,988553238,2026-06-19T13:18:44Z,9046.67,ETB,telebirr,
TX6722812258,615759378,2026-06-19T13:54:30Z,107825,XAF,Airtel Money,
TX9127816322,691460550,2026-06-19T17:09:19+03:00,5962.50,ETB,telebirr,
TX6296994297,604338570,2026-06-19T14:23:02Z,12192,KES,Bank,
TX6774357125,403145050,2026-06-19T14:26:18Z,18893.33,ETB,telebirr,
TX5171615157,980541632,2026-06-19T14:38:47Z,220000,RWF,Airtel Money,
TX4322068822,198197446,2026-06-19T14:40:31Z,396900,SSP,Bank,
TX6525203363,697060166,2026-06-19T14:47:19Z,18893,KES,mpesa,
TX8317484072,972000478,2026-06-19T14:58:38Z,6835.22,ETB,telebirr,
TX4591546679,141973137,2026-06-19T15:17:08Z,52967,XAF,Airtel Money,
TX2787259515,174518520,2026-06-19T15:37:39Z,35425,KES,M-PESA,
TX4661533015,770203136,2026-06-20T05:52:17Z,26231,KES,MPESA,
TX2477520332,935012477,2026-06-20T05:58:38Z,38022,KES,M-PESA,
TX1640342096,168929597,2026-06-20T07:25:00Z,13807,KES,M-Pesa,
TX2899223187,301053024,2026-06-20T07:40:25Z,16100,KES,mpesa,
TX6960573917,515320300,2026-06-20T09:18:48Z,244900,SSP,Cash,
TX7178199558,852330471,2026-06-20T09:23:12Z,373667,RWF,MTN MoMo,
TX5961306939,851361963,2026-06-20T12:36:41+03:00,20255.83,ETB,Telebirr,
TX8012283614,835160920,2026-06-20T09:40:49Z,193581,RWF,MTN MoMo,
TX3780610474,853198129,2026-06-20T10:44:24Z,73333,rwf,Airtel Money,
TX9647791312,359280022,2026-06-20T10:58:28Z,54667,XAF,Airtel Money,
TX5127514567,419931106,2026-06-20T11:23:31Z,350617,SSP,Bank,
TX3271591879,526307354,2026-06-20T11:32:11Z,26546.67,ETB,Telebirr,
TX6431154686,228292426,2026-06-20T11:56:28Z,14238.67,ETB,Telebirr,
TX4214016848,213129616,2026-06-20T14:57:14+02:00,372417,RWF,MTN MoMo,
TX2064937265,610773040,2026-06-20T14:22:28Z,22417.67,ETB,CBE Birr,
TX6376956711,417030080,2026-06-20T15:13:27Z,88667,XAF,Moov Money,
TX7874163072,846295859,2026-06-20T15:35:13Z,263417,SSP,Cash,
TX3693433925,648821947,2026-06-20T15:52:31Z,6240.00,ETB,Cash,
TX8889062149,215736398,2026-06-20T16:04:22Z,167728,XAF,Airtel Money,
TX7695657099,109030702,2026-06-20T16:13:17Z,61833,XAF,Moov Money,
TX8331024266,237705265,2026-06-21T04:01:40Z,11013.33,ETB,CBE Birr,
TX5418885213,942063088,2026-06-21T04:53:33Z,19743,KES,mpesa,
TX4001564073,508155602,2026-06-21T06:50:10Z,376944,RWF,MoMo,
TX4665430113,194574017,2026-06-21T07:30:18Z,350589,SSP,Cash,
TX2263017333,969265810,2026-06-21T07:48:15Z,242833,RWF,Cash,
TX2027564097,634425578,2026-06-21T07:59:59Z,25988,KES,M-Pesa,
TX6311630333,173443821,2026-06-21T08:04:47Z,134750,RWF,MTN MoMo,
TX2151639430,536365974,2026-06-21T11:06:32+02:00,710500,SSP,m-Gurush,
TX1584575002,518492697,2026-06-21T09:43:42Z,129683,RWF,Cash,
TX9377932282,791356452,2026-06-21T10:22:59Z,64750,XAF,Moov Money,
TX9871466663,447086275,2026-06-21T11:03:11Z,19544.00,ETB,Cash,
TX3011202090,486432343,2026-06-21T11:04:50Z,15235.00,ETB,Cash,
TX4372140380,700174275,2026-06-21T11:14:00Z,45417,KES,M-Pesa,
TX1960832420,935736068,2026-06-21T11:27:39Z,775574,SSP,Cash,
TX4856321476,451046085,2026-06-21T12:37:34Z,40883,KES,Bank,
TX9256471377,399106539,2026-06-21T13:54:40Z,173722,RWF,MoMo,
TX4479021728,514824825,2026-06-21T14:02:20Z,181444,SSP,Cash,
TX7430167088,917142474,2026-06-21T14:21:17Z,52444,RWF,Cash,
TX3659821235,296178885,2026-06-21T16:49:39Z,315467,SSP,m-Gurush,
TX2195695956,618812839,2026-06-22T05:04:48Z,132554,RWF,Airtel Money,
TX1452046234,996141769,2026-06-22T05:06:49Z,9936.00,ETB,Cash,
TX5166534127,455413760,2026-06-22T06:16:02Z,82519,RWF,Cash,
TX9491738107,230273571,2026-06-22T07:31:50Z,18815.78,ETB,Cash,
TX1916892572,692277358,2026-06-22T08:08:09Z,6031.11,ETB,Telebirr,
TX8261891047,596142718,2026-06-22T09:05:22Z,731500,SSP,m-Gurush,
TX3937400699,815928712,2026-06-22T10:57:31Z,45326,KES,Cash,
TX1990117920,738586459,2026-06-22T11:48:55Z,6097,KES,M-PESA,
TX9309053506,780400293,2026-06-22T12:29:16Z,86800,XAF,Moov Money,
TX1215875897,669080723,2026-06-22T13:52:43Z,731500,SSP,Cash,
TX4861920823,808854745,2026-06-22T14:56:00Z,115733,RWF,Airtel Money,
TX9147482561,146280727,2026-06-22T15:42:00Z,23848,KES,M-Pesa,
TX2918832618,147289299,2026-06-23T04:23:23Z,19035,KES,mpesa,
TX7146401218,526460355,2026-06-23T04:40:20Z,10423,KES,Bank,
TX2754877632,889160962,2026-06-23T06:11:02Z,185508,SSP,Cash,
TX4954407546,198380527,2026-06-23T06:54:26Z,18090,KES,MPESA,
TX5321961065,105615960,2026-06-23T07:15:59Z,11547,KES,M-PESA,
TX5033375186,110388260,2026-06-23T09:28:03+02:00,210014,SSP,m-Gurush,
TX9486163513,646674677,2026-06-23T08:38:49Z,784000,SSP,Bank,
TX2559171311,176258651,2026-06-23T09:02:43Z,14440,KES,mpesa,
TX4923061427,397156137,2026-06-23T09:03:35Z,605333,SSP,Cash,
TX1348673640,505069599,2026-06-23T09:18:15Z,188148,RWF,Cash,
TX1791964059,706602170,2026-06-23T10:11:05Z,"6,121.50",ETB,CBE Birr,
TX7243608848,740834154,2026-06-23T11:32:43Z,12750,KES,MPESA,
TX2716797454,628156964,2026-06-23T12:47:06Z,4225,KES,mpesa,
TX5896657217,993933735,2026-06-23T13:05:17Z,31926,KES,M-Pesa,
TX9733020697,344077056,2026-06-23T13:23:19Z,10449.00,etb,Telebirr,
TX1246210915,325850782,2026-06-23T14:28:51Z,24961.00,ETB,Telebirr,
TX9967272606,813720398,2026-06-23T14:48:40Z,50958,KES,MPESA,
TX6586284938,753929470,2026-06-23T15:30:40Z,781547,SSP,Cash,
TX6194291112,692967454,2026-06-23T15:37:35Z,187906,XAF,Airtel Money,
TX1815452337,917981391,2026-06-24T06:36:50Z,49777,KES,Cash,
TX1629403973,901699224,2026-06-24T07:44:09Z,7049,KES,Bank,
TX8685553049,327708132,2026-06-24T08:00:12Z,34500,RWF,MoMo,
TX9996718583,558371055,2026-06-24T08:18:11Z,14175,KES,mpesa,
TX1622885354,526987256,2026-06-24T08:50:59Z,166133,XAF,Cash,
TX8353887103,676910573,2026-06-24T12:30:34+02:00,377072,RWF,Airtel Money,
TX5906805948,168544769,2026-06-24T11:16:33Z,26705,KES,M-Pesa,
TX3665823297,315396639,2026-06-24T11:57:19Z,416556,SSP,Cash,
TX4162898677,149288350,2026-06-24T12:11:42Z,79500,XAF,Airtel Money,
TX6863422741,894460526,2026-06-24T13:31:11Z,75389,XAF,Airtel Money,
TX4262956812,340268265,2026-06-24T14:26:25Z,341850,SSP,Bank,
TX6175150660,181869236,2026-06-24T16:47:59Z,135444,SSP,Cash,
TX9616745005,223606654,2026-06-25T06:02:05Z,12717,KES,Cash,
TX1591462057,532428497,2026-06-25T06:12:40Z,8058.50,ETB,Cash,
TX8224389938,897096409,2026-06-25T06:15:05Z,9289.44,ETB,telebirr,
TX7100560952,581159355,2026-06-25T07:09:03Z,19440,KES,MPESA,
TX8484831006,881144618,2026-06-25T07:31:05Z,25600,KES,Cash,
TX2934077223,955822420,2026-06-25T07:37:34Z,9434.00,ETB,telebirr,
TX3598893205,515389013,2026-06-25T07:38:08Z,92750,RWF,Airtel Money,
TX2148305795,909861273,2026-06-25T08:17:53Z,477783,RWF,Airtel Money,
TX3479272482,913566648,2026-06-25T10:01:21Z,117283,SSP,Bank,
TX2097719069,815362635,2026-06-25T10:40:25Z,3650,KES,Bank,
TX1392167155,419664270,2026-06-25T12:59:57Z,58159,XAF,Cash,
TX2726928554,271217831,2026-06-25T13:10:15Z,91425,XAF,Cash,
TX5957742573,219236488,2026-06-25T13:24:16Z,29700,XAF,Cash,
TX8781795887,147686766,2026-06-25T13:38:30Z,6581.78,ETB,telebirr,
TX6590216327,702807804,2026-06-25T14:21:11Z,113950,XAF,Cash,
TX1454787477,534835426,2026-06-25T14:40:37Z,17791.78,ETB,Cash,
TX9693471624,466584766,2026-06-25T14:41:36Z,14219,XAF,Cash,
TX9499648980,967018324,2026-06-25T17:40:36+02:00,262252,RWF,Cash,
TX4017657718,618495260,2026-06-26T04:01:24Z,15322.50,ETB,CBE Birr,
TX8431007009,630347884,2026-06-26T05:34:46Z,9776.38,ETB,Cash,
TX5911737307,562014389,2026-06-26T06:12:32Z,8774.50,ETB,telebirr,
TX3221375499,709226940,2026-06-26T06:40:55Z,110817,XAF,Airtel Money,
TX1368932625,987936153,2026-06-26T06:45:57Z,96250,XAF,Cash,
TX8846771345,182730549,2026-06-26T06:51:23Z,10282.33,ETB,CBE Birr,
TX5153153222,880685686,2026-06-26T10:54:44+03:00,5805.00,ETB,Cash,
TX2142657330,902363855,2026-06-26T09:19:29Z,207100,XAF,Moov Money,
TX8030388780,799537650,2026-06-26T09:28:39Z,6692,KES,Bank,
TX7488038595,303436971,2026-06-26T09:48:07Z,191167,SSP,m-Gurush,
TX2985775173,108083740,2026-06-26T10:15:22Z,21867,KES,M-PESA,
TX8931673613,519370419,2026-06-26T11:23:04Z,402511,SSP,m-Gurush,
TX7309256748,584802352,2026-06-26T11:47:17Z,76000,XAF,Airtel Money,
TX2641400498,401566999,2026-06-26T11:55:24Z,13004,KES,mpesa,
TX2321767496,656140305,2026-06-26T12:50:11Z,154000,XAF,Cash,
TX8888447333,522530211,2026-06-26T13:09:47Z,17755,KES,Bank,
TX1938527827,976031595,2026-06-26T16:03:16+02:00,544111,SSP,m-Gurush,
TX4731354576,854765866,2026-06-26T14:14:08Z,109017,RWF,Airtel Money,
TX3340951009,673415643,2026-06-26T15:16:34Z,798467,SSP,m-Gurush,
TX4650143128,941732504,2026-06-26T15:51:49Z,15327,KES,Bank,
TX7667584176,956717839,2026-06-26T16:14:27Z,61600,RWF,MTN MoMo,
TX2548957363,838503438,2026-06-27T04:05:06Z,51147,KES,M-PESA,
TX4714870512,500145514,2026-06-27T04:21:30Z,33761,KES,Bank,
TX4703567703,981253860,2026-06-27T05:51:33Z,332367,SSP,m-Gurush,
TX6661034891,726640557,2026-06-27T06:25:27Z,4372.50,ETB,CBE Birr,
TX9215394308,880668270,2026-06-27T07:13:50Z,838133,SSP,m-Gurush,
TX5777239914,268019072,2026-06-27T08:29:14Z,216533,XAF,Airtel Money,
TX6302891269,626347075,2026-06-27T09:06:32Z,"214,389",RWF,Cash,
TX5246355332,105839673,2026-06-27T10:41:38Z,6621,KES,Bank,
TX3417245386,361316638,2026-06-27T11:43:32Z,251083,RWF,Airtel Money,
TX1415282250,689222711,2026-06-27T13:20:03Z,20110.50,ETB,CBE Birr,
TX2355794526,440536085,2026-06-27T13:29:14Z,118800,RWF,MTN MoMo,
TX4840194749,499654739,2026-06-27T14:04:19Z,34908,XAF,Airtel Money,
TX2834797521,170335166,2026-06-27T14:05:56Z,310933,SSP,m-Gurush,
TX2767621885,374355641,2026-06-27T14:31:32Z,34742,KES,M-PESA,
TX5716599281,380191966,2026-06-27T14:32:35Z,571000,SSP,Cash,
TX3873792980,509276922,2026-06-27T14:46:50Z,55067,RWF,MoMo,
TX5570864403,486509642,2026-06-27T14:47:50Z,28973,KES,Bank,
TX9089180907,264197139,2026-06-27T15:57:48+01:00,92500,XAF,Airtel Money,
TX9821086563,515260173,2026-06-27T15:43:59Z,172772,XAF,Cash,
TX9811159484,702697781,2026-06-27T17:59:53Z,189750,XAF,Airtel Money,
TX3977900985,138517633,2026-06-28T05:17:43Z,12394.44,ETB,telebirr,
TX1407293589,139163852,2026-06-28T05:19:07Z,48907,KES,M-PESA,
TX8939374190,303265542,2026-06-28T05:39:42Z,2604.00,ETB,CBE Birr,
TX7280280005,580670575,2026-06-28T05:45:35Z,14456,KES,M-PESA,
TX3415585326,239706898,2026-06-28T05:54:33Z,160233,RWF,MTN MoMo,
TX9376007578,321544114,2026-06-28T05:59:58Z,54318,KES,M-Pesa,
TX7731645600,863810049,2026-06-28T06:06:55Z,7550.89,ETB,Cash,
TX4329512631,326310942,2026-06-28T06:54:01Z,39333,XAF,Cash,
TX5276761094,289249336,2026-06-28T07:43:19Z,23164,KES,Bank,
TX5259084368,384574370,2026-06-28T08:08:57Z,11375.00,ETB,Cash,
TX9643640129,960883627,2026-06-28T09:27:30Z,472267,SSP,Cash,
TX7756842682,647704848,2026-06-28T10:04:33Z,1018733,SSP,Cash,
TX5325347269,744829152,2026-06-28T11:47:19Z,196200,XAF,Moov Money,
TX5388863429,577107570,2026-06-28T12:03:24Z,26189.33,ETB,CBE Birr,
TX3512842831,824987337,2026-06-28T12:45:43Z,9067.39,ETB,CBE Birr,
TX8856309980,359025439,2026-06-28T13:31:19Z,103500,RWF,Cash,
TX8259721834,217710384,2026-06-28T14:17:28Z,456892,RWF,Airtel Money,
TX6308975563,200240819,2026-06-28T18:04:19+03:00,16241.00,ETB,Cash,
TX7306966657,947754607,2026-06-28T15:38:41Z,12075.00,ETB,Telebirr,
TX8010752996,763990240,2026-06-28T15:40:40Z,384483,SSP,Cash,
TX1558612284,142973782,2026-06-28T17:28:09Z,98460,XAF,Airtel Money,
TX3206419552,293380719,2026-06-29T04:38:11Z,9300,KES,mpesa,
TX3810802563,534023535,2026-06-29T05:07:10Z,27472,KES,mpesa,
TX7550809165,172316859,2026-06-29T05:39:53Z,1155467,SSP,m-Gurush,
TX4432378103,228992768,2026-06-29T05:44:34Z,47052,KES,M-Pesa,
TX4085638945,573956880,2026-06-29T05:51:43Z,1327333,SSP,m-Gurush,
TX1632684658,668140577,2026-06-29T06:04:05Z,2849.44,ETB,Telebirr,
TX2480508879,493453686,2026-06-29T06:12:51Z,111300,XAF,Moov Money,
TX9214230365,256042616,2026-06-29T06:49:20Z,574067,SSP,Cash,
TX6595169086,211932292,2026-06-29T09:46:13Z,10908,KES,mpesa,
TX3660321132,915543847,2026-06-29T10:57:54Z,156678,RWF,Airtel Money,
TX9481583441,697798867,2026-06-29T11:09:02Z,181500,RWF,Airtel Money,
TX4429532315,803815307,2026-06-29T11:16:55Z,224000,RWF,Cash,
TX7585944779,888356906,2026-06-29T12:08:45Z,12800,KES,Bank,
TX4377354520,369169259,2026-06-29T15:05:42Z,130456,XAF,Airtel Money,
TX3835499326,639372194,2026-06-29T17:43:36Z,115392,XAF,Cash,
TX7341871533,784149124,2026-06-30T04:18:26Z,18499.78,ETB,telebirr,
TX3447074967,487743281,2026-06-30T05:01:11Z,11816.61,ETB,Cash,
TX4869137590,677446274,2026-06-30T05:26:24Z,17877,KES,MPESA,
TX8190205318,507478959,2026-06-30T05:52:09Z,368783,SSP,Cash,
TX3946735552,636487972,2026-06-30T06:30:52Z,102150,RWF,Cash,
TX9123050104,222093104,2026-06-30T06:54:12Z,97650,RWF,Airtel Money,
TX6731764853,494242419,2026-06-30T07:07:27Z,41333,XAF,Moov Money,
TX7905337121,460556213,2026-06-30T07:13:11Z,74111,RWF,Cash,
TX8229340927,502213128,2026-06-30T07:22:47Z,14978.33,ETB,telebirr,
TX4464152362,221238470,2026-06-30T07:55:19Z,47250,XAF,Cash,
TX3029350128,932753965,2026-06-30T09:12:05Z,7730.56,etb,telebirr,
TX4658844879,580386853,2026-06-30T09:22:16Z,"91,113",XAF,Cash,
TX7104860154,937023093,2026-06-30T09:22:25Z,99028,RWF,Cash,
TX4086505232,413583270,2026-06-30T09:56:08Z,14875,KES,Cash,
TX4268331914,755597152,2026-06-30T12:54:04Z,13970.17,ETB,Telebirr,
TX8010352196,311953078,2026-06-30T16:03:45+03:00,34947,KES,Bank,
TX7029724862,524023289,2026-06-30T13:31:19Z,180969,XAF,Moov Money,
TX8243636602,801684588,2026-06-30T13:40:30Z,12458.83,ETB,Telebirr,
TX9803514404,422559057,2026-06-30T13:46:36Z,471154,ssp,m-Gurush,
TX7154339244,583401644,2026-06-30T13:58:00Z,59561,XAF,Airtel Money,
TX6908486300,380859931,2026-06-30T14:37:16Z,17025.00,ETB,Telebirr,
TX9929174384,489124720,2026-06-30T15:03:06Z,29867,XAF,Cash,
TX4203434686,426299978,2026-06-30T15:28:01Z,556150,SSP,Cash,
TX7257139221,910186093,2026-06-30T15:29:09Z,253044,SSP,Cash,
TX4318641507,463877738,2026-06-30T15:43:18Z,169079,XAF,Airtel Money,
TX6226885665,317367778,2026-06-30T16:26:41Z,1082733,SSP,Bank,
TX9520654684,486322343,2026-06-30T16:59:13Z,48142,XAF,Airtel Money,
TX3719918554,549780354,2026-06-30T21:47:26Z,2773.14,ETB,telebirr,
TX1103446351,142276144,2026-06-30T21:49:01Z,11908,XAF,Airtel Money,
TX6460724189,419664270,2026-06-30T22:03:15Z,48339,XAF,Airtel Money,
TX4367528657,370159815,2026-06-30T22:48:24Z,7855.10,ETB,telebirr,
TX7923225446,340591133,2026-07-01T05:45:10Z,504000,SSP,Cash,
TX8441647972,536892936,2026-07-01T06:27:18Z,31050,XAF,Airtel Money,
TX2376090691,611369980,2026-07-01T07:30:31Z,12693,KES,Bank,
TX7789084816,997112112,2026-07-01T07:39:43Z,12931,KES,mpesa,
TX1602771570,316377713,2026-07-01T08:34:05Z,12714,KES,M-PESA,
TX9437719942,289040705,2026-07-01T12:28:22+03:00,7490.00,ETB,Telebirr,
TX4010208712,390418256,2026-07-01T10:11:47Z,224000,SSP,m-Gurush,
TX6246528459,217219653,2026-07-01T12:31:05+01:00,"129,800",XAF,Airtel Money,
TX1071699969,539001569,2026-07-01T13:15:41Z,283200,SSP,Bank,
TX5589189109,998591232,2026-07-01T13:55:03Z,83256,RWF,MoMo,
TX4880059854,581542805,2026-07-01T14:09:54Z,8690.00,ETB,Telebirr,
TX3866143701,844102233,2026-07-01T14:33:19Z,212483,RWF,MTN MoMo,
TX4195945481,119263570,2026-07-01T14:48:15Z,57033,XAF,Moov Money,
TX5816102637,273927573,2026-07-01T14:53:09Z,20716,KES,MPESA,
TX8214519925,294002279,2026-07-01T15:43:28Z,705050,SSP,Cash,
TX9545281403,361018961,2026-07-01T15:44:32Z,19167,xaf,Cash,
TX6454644988,764343627,2026-07-01T16:23:07Z,404000,SSP,Bank,
TX1828522445,735875101,2026-07-01T16:30:08Z,658933,SSP,Cash,
TX9390519206,579169693,2026-07-01T17:15:22Z,89156,XAF,Cash,
TX1446134945,816964888,2026-07-02T06:35:53Z,168667,XAF,Cash,
TX2672436254,613530944,2026-07-02T06:37:22Z,48414,KES,mpesa,
TX2075859470,747925594,2026-07-02T07:57:36Z,113400,XAF,Moov Money,
TX3870435427,885073930,2026-07-02T08:29:38Z,45689,KES,Bank,
TX5791226694,534787871,2026-07-02T09:12:10Z,7298.67,ETB,Cash,
TX1066209410,762307922,2026-07-02T09:20:35Z,2893.80,ETB,Telebirr,
TX5835778512,649445880,2026-07-02T09:32:02Z,160325,RWF,Airtel Money,
TX4951018268,127173887,2026-07-02T12:34:13+03:00,16658.83,ETB,Telebirr,
TX8917550416,634415255,2026-07-02T09:54:08Z,10946.44,ETB,telebirr,
TX3502643151,298098448,2026-07-02T10:08:54Z,289756,SSP,Bank,
TX5984959747,338067079,2026-07-02T10:27:47Z,1079833,SSP,Cash,
TX1752033883,985721093,2026-07-02T10:30:17Z,9394,KES,M-Pesa,
TX7274749654,962229716,2026-07-02T10:31:17Z,878444,SSP,Bank,
TX2929739532,422797730,2026-07-02T10:35:05Z,"64,084",RWF,MTN MoMo,
TX6243024319,330372269,2026-07-02T11:00:04Z,28068,KES,Cash,
TX7139636051,980383599,2026-07-02T11:33:29Z,27600,KES,M-Pesa,
TX6100326961,691803136,2026-07-02T11:59:45Z,223450,xaf,Airtel Money,
TX2025735368,241098244,2026-07-02T12:19:23Z,61335,XAF,Airtel Money,
TX2099259574,547992738,2026-07-02T12:58:13Z,784000,SSP,Cash,
TX6053603035,207172809,2026-07-02T13:15:28Z,102267,XAF,Moov Money,
TX5086146330,215328556,2026-07-02T13:20:57Z,236389,SSP,m-Gurush,
TX4250797332,651673417,2026-07-02T14:11:09Z,159500,SSP,Bank,
TX7940907197,277279789,2026-07-02T14:16:34Z,4240.00,ETB,Telebirr,
TX9055201808,750976104,2026-07-02T14:22:16Z,1484000,SSP,Bank,
TX5767300943,700981897,2026-07-02T14:40:34Z,910150,SSP,Cash,
TX4037790433,981800864,2026-07-02T15:05:46Z,579467,SSP,Bank,
TX4359501216,995708279,2026-07-02T15:55:38Z,7526.00,ETB,telebirr,
TX6446893372,447902452,2026-07-02T16:36:32Z,374267,RWF,MTN MoMo,
TX5227982248,390168206,2026-07-03T06:14:28Z,107333,RWF,Airtel Money,
TX6444329603,456344306,2026-07-03T06:26:01Z,564433,SSP,m-Gurush,
TX7670807203,819921330,2026-07-03T07:36:41Z,268016,SSP,Cash,
TX1372654650,633075408,2026-07-03T07:41:42Z,395500,SSP,Cash,
TX7232289527,819921330,2026-07-03T07:53:41Z,,SSP,Cash,
TX1307197024,980323916,2026-07-03T09:31:02Z,43758,XAF,Airtel Money,
TX8034453264,232893256,2026-07-03T10:33:32Z,25900,KES,MPESA,
TX1605839185,102254113,2026-07-03T10:50:59Z,29750,KES,Bank,
TX5843431143,205050911,2026-07-03T11:06:17Z,16228,KES,MPESA,
TX9779863536,417341422,2026-07-03T12:18:12Z,306800,SSP,Cash,
TX1581722931,758645515,2026-07-03T12:40:32Z,1333433,SSP,Bank,
TX5322216681,372272311,2026-07-03T14:27:16Z,22563.00,ETB,CBE Birr,
TX9633279432,236605175,2026-07-03T14:56:16Z,225739,RWF,MTN MoMo,
TX1300717180,327102223,2026-07-03T17:36:01Z,103480,XAF,Moov Money,
TX3461261118,943172523,2026-07-04T05:23:08Z,38088,KES,M-Pesa,
TX9604843003,803745360,2026-07-04T05:46:54Z,21248,KES,M-Pesa,
TX7682483684,975126422,2026-07-04T05:58:35Z,"675,956",SSP,m-Gurush,
TX7149925490,226520847,2026-07-04T07:12:05Z,121389,RWF,MTN MoMo,
TX5321702810,846473145,2026-07-04T10:25:52+03:00,49323,KES,MPESA,
TX8984556704,854598637,2026-07-04T07:40:58Z,10891.50,ETB,Cash,
TX2911998534,888303128,2026-07-04T09:10:11Z,177733,SSP,m-Gurush,
TX5579581376,177755837,2026-07-04T10:27:50Z,33419,RWF,Cash,
TX9918862671,421364248,2026-07-04T11:19:20Z,101500,RWF,MoMo,
TX3544886486,995944720,2026-07-04T11:28:40Z,273317,RWF,MoMo,
TX5369784030,648971734,2026-07-04T11:56:29Z,718111,SSP,Bank,
TX9564928934,772186444,2026-07-04T13:22:08Z,38867,KES,M-Pesa,
TX5898826577,333859175,2026-07-04T13:33:20Z,2180.00,ETB,CBE Birr,
TX9481048694,317455752,2026-07-04T13:58:23Z,108000,XAF,Cash,
TX8981544668,484795893,2026-07-04T14:41:50Z,146289,XAF,Cash,
TX8922112068,556485349,2026-07-04T18:57:46+03:00,3606,KES,M-PESA,
TX6640757961,287307667,2026-07-04T17:28:54Z,28000,XAF,Moov Money,
TX9819709867,927185794,2026-07-05T04:54:24Z,10476.00,ETB,telebirr,
TX9730018894,250328666,2026-07-05T05:07:27Z,6862.17,ETB,Cash,
TX3659620870,128979605,2026-07-05T05:40:03Z,13431,KES,MPESA,
TX4623364016,432208470,2026-07-05T05:58:54Z,10643,KES,MPESA,
TX2968561717,330522218,2026-07-05T06:34:40Z,16061.67,ETB,Telebirr,
TX4118672258,751772041,2026-07-05T06:37:31Z,6671.28,ETB,telebirr,
TX5703649616,115481773,2026-07-05T08:49:54+02:00,90667,RWF,MoMo,
TX9059437460,454106515,2026-07-05T07:08:06Z,78300,XAF,Cash,
TX2233292901,609017214,2026-07-05T07:40:52Z,54250,XAF,Cash,
TX3669342692,596763438,2026-07-05T07:50:28Z,19678,KES,Cash,
TX5248737708,495608363,2026-07-05T08:54:18Z,528267,RWF,MTN MoMo,
TX7909639079,569010866,2026-07-05T08:58:57Z,120150,RWF,MTN MoMo,
TX1377824932,521160759,2026-07-05T09:03:08Z,1570.00,ETB,telebirr,
TX7526288223,688561997,2026-07-05T09:10:55Z,239030,RWF,MoMo,
TX3063150735,278927308,2026-07-05T09:37:41Z,3922.78,ETB,Telebirr,
TX8405719765,115481773,2026-07-05T11:49:54+02:00,-90667,RWF,MoMo,TX5703649616
TX9088393239,282817206,2026-07-05T10:46:24Z,29708,KES,MPESA,
TX2983752202,503365136,2026-07-05T11:14:47Z,218908,RWF,MoMo,
TX7054993784,990920213,2026-07-05T12:33:27Z,86800,XAF,Moov Money,
TX4317824238,324838207,2026-07-05T12:51:21Z,186644,RWF,Cash,
TX6502822896,631423004,2026-07-05T13:04:09Z,"40,875",RWF,Cash,
TX4378381876,793007553,2026-07-05T14:01:25Z,462822,SSP,Bank,
TX8864826284,567949088,2026-07-05T15:13:38Z,60000,RWF,MoMo,
TX9070637123,824204282,2026-07-05T15:17:52Z,109717,SSP,Bank,
TX2633045622,574390633,2026-07-05T15:44:29Z,317800,RWF,MoMo,
TX4708822630,498682392,2026-07-05T16:23:23Z,62113,RWF,Airtel Money,
TX6915299876,229339558,2026-07-05T16:29:39Z,218803,RWF,Airtel Money,
TX3283093460,574049895,2026-07-05T16:32:15Z,802400,SSP,Cash,
TX3352458461,143952701,2026-07-05T16:50:34Z,136350,RWF,MTN MoMo,
TX5700291060,520632667,2026-07-05T16:57:16Z,410667,SSP,Bank,
TX1348656797,894286190,2026-07-06T04:36:47Z,7933,KES,Bank,
TX7986575019,698439751,2026-07-06T04:52:59Z,6376.11,ETB,Telebirr,
TX9672969665,981427097,2026-07-06T07:02:24+02:00,157989,RWF,MoMo,
TX1004404116,292670672,2026-07-06T06:29:26Z,1161067,SSP,Cash,
TX8459545197,651937507,2026-07-06T06:43:41Z,315611,RWF,Airtel Money,
TX1555482925,562712313,2026-07-06T07:47:31Z,10976.00,ETB,CBE Birr,
TX8718167252,313651608,2026-07-06T10:03:05+02:00,53756,RWF,Airtel Money,
TX6823135925,107509558,2026-07-06T08:20:18Z,6588.33,ETB,Cash,
TX4442009779,605757240,2026-07-06T09:01:18Z,35924,KES,M-Pesa,
TX2810437018,830734832,2026-07-06T09:14:05Z,547867,RWF,MoMo,
TX1731374355,462846197,2026-07-06T09:45:29Z,201583,SSP,Bank,
TX1891368831,494520739,2026-07-06T10:20:07Z,736000,SSP,Cash,
TX6032646099,349576704,2026-07-06T10:24:12Z,134500,XAF,Cash,
TX6168613974,447004155,2026-07-06T12:52:46+02:00,281233,RWF,Cash,
TX9750443941,413004225,2026-07-06T14:31:07+03:00,19043,KES,Bank,
TX8306392983,850532821,2026-07-06T11:57:03Z,51233,XAF,Airtel Money,
TX1886577951,698307064,2026-07-06T12:08:10Z,206500,SSP,Cash,
TX6830725420,564680337,2026-07-06T13:07:41Z,44167,XAF,Cash,
TX4198070078,878534411,2026-07-06T13:55:15Z,554900,SSP,m-Gurush,
TX6548113537,382359497,2026-07-07T05:04:12Z,518933,RWF,Cash,
TX4752176715,418764137,2026-07-07T05:15:52Z,20000,KES,M-PESA,
TX2951848648,492933837,2026-07-07T05:16:02Z,18323.94,ETB,CBE Birr,
TX2316089655,365307594,2026-07-07T05:42:09Z,324736,RWF,MoMo,
TX3408006668,137191515,2026-07-07T05:52:07Z,295731,RWF,Airtel Money,
TX7984193585,348775058,2026-07-07T06:47:08Z,570500,SSP,Bank,
TX6873532821,411152330,2026-07-07T06:59:55Z,16760.17,ETB,Cash,
TX2415503608,252310783,2026-07-07T08:25:55Z,17472.00,ETB,telebirr,
TX6156629149,418786636,2026-07-07T08:28:43Z,606100,SSP,m-Gurush,
TX2956728923,235263978,2026-07-07T08:38:30Z,252754,SSP,Cash,
TX5757464522,304132227,2026-07-07T08:56:05Z,19869,KES,M-Pesa,
TX8790512115,505766440,2026-07-07T09:30:13Z,588000,SSP,Bank,
TX5881426030,112470581,2026-07-07T09:35:07Z,274000,SSP,Bank,
TX9189731993,358074733,2026-07-07T09:51:53Z,267667,XAF,Cash,
TX4952746309,210966693,2026-07-07T10:53:54Z,290667,SSP,Cash,
TX2287955787,688117175,2026-07-07T11:28:56Z,26506.67,ETB,Telebirr,
TX7156588760,191035460,2026-07-07T11:36:18Z,3226.67,ETB,Telebirr,
TX8854112002,189242498,2026-07-07T11:53:22Z,"788,333",SSP,Cash,
TX5719070680,205563339,2026-07-07T12:42:58Z,6426.00,ETB,Cash,
TX9030436573,170053145,2026-07-07T12:49:09Z,44800,XAF,Cash,
TX7339937092,923338240,2026-07-07T13:55:15Z,111467,XAF,Moov Money,
TX7593228028,631716695,2026-07-07T13:58:21Z,355158,rwf,MoMo,
TX7480392700,399941219,2026-07-07T14:10:02Z,11898.50,ETB,Cash,
TX1488051904,488091483,2026-07-07T14:18:31Z,9381.00,ETB,Telebirr,
TX9406363672,515468579,2026-07-07T14:48:13Z,30883,XAF,Moov Money,
TX9221988543,855419670,2026-07-07T15:42:31Z,118833,RWF,Cash,
TX1129440042,689832737,2026-07-07T16:29:23Z,176217,XAF,Airtel Money,
TX8723310427,353940893,2026-07-07T16:44:11Z,291200,RWF,MoMo,
TX1285133289,101905184,2026-07-08T04:08:48Z,41627,KES,Cash,
TX1503145909,403781108,2026-07-08T05:13:38Z,570667,SSP,m-Gurush,
TX5712935697,992040540,2026-07-08T06:39:43Z,528378,SSP,Bank,
TX9913283308,449024902,2026-07-08T06:39:50Z,17325,KES,Bank,
TX9915799723,930273679,2026-07-08T07:07:47Z,84972,XAF,Moov Money,
TX1352194371,684136686,2026-07-08T07:12:07Z,209825,XAF,Moov Money,
TX8059839742,176395108,2026-07-08T08:36:54Z,42000,KES,M-Pesa,
TX4175222961,850609255,2026-07-08T08:42:31Z,35383,KES,MPESA,
TX1893248274,640721685,2026-07-08T09:36:49Z,43917,RWF,Cash,
TX4157052581,531687483,2026-07-08T09:42:54Z,218167,SSP,Cash,
TX5286572308,734714896,2026-07-08T10:47:42Z,148156,XAF,Moov Money,
TX6959737686,981954296,2026-07-08T12:39:53Z,81342,XAF,Cash,
TX6098178283,970524937,2026-07-08T13:04:12Z,794500,SSP,Cash,
TX3441873198,239111675,2026-07-08T13:22:33Z,71883,SSP,Bank,
TX5959191945,570505900,2026-07-08T13:30:30Z,189456,RWF,Airtel Money,
TX1620847121,716682002,2026-07-08T13:32:32Z,1338400,SSP,m-Gurush,
TX8757749480,504782610,2026-07-08T13:38:57Z,71300,SSP,Cash,
TX3183475099,378370939,2026-07-08T16:40:46+03:00,12250,KES,Cash,
TX9753828628,900173837,2026-07-08T13:43:20Z,363200,SSP,Bank,
TX4456184081,299691198,2026-07-08T13:53:13Z,46480,KES,mpesa,
TX8088749757,285284555,2026-07-08T14:18:46Z,5359,KES,Bank,
TX1706972125,404738164,2026-07-08T14:42:28Z,22888,KES,M-PESA,
TX8170384902,216537725,2026-07-08T14:49:05Z,11880,KES,M-Pesa,
TX9608736302,149510215,2026-07-08T14:50:00Z,148181,XAF,Airtel Money,
TX9892886040,307507392,2026-07-08T15:04:37Z,5673.33,ETB,Cash,
TX1097681604,597417922,2026-07-08T15:07:04Z,34375,KES,Bank,
TX1481909516,947166853,2026-07-08T15:23:31Z,153267,XAF,Moov Money,
TX4095751126,679451073,2026-07-08T15:37:11Z,304111,RWF,Cash,
TX2691767279,356335646,2026-07-08T16:02:54Z,87750,XAF,Moov Money,
TX9768645166,836454625,2026-07-08T18:21:51+02:00,59417,RWF,Cash,
TX1244795324,848266510,2026-07-08T18:30:07+02:00,578667,SSP,m-Gurush,
TX6774206134,619524634,2026-07-09T06:06:39Z,212000,RWF,MoMo,
TX8019177783,570626256,2026-07-09T06:18:14Z,37563,KES,M-Pesa,
TX8028984204,612071957,2026-07-09T06:23:09Z,7336.79,ETB,CBE Birr,
TX5370589562,244751924,2026-07-09T07:52:59Z,41800,KES,MPESA,
TX6174668288,174221725,2026-07-09T08:20:22Z,453258,RWF,MoMo,
TX7801400028,305613214,2026-07-09T08:24:24Z,46544,RWF,Cash,
TX4012572087,333203768,2026-07-09T08:26:43Z,34100,XAF,Airtel Money,
TX5084957345,591597903,2026-07-09T09:19:38Z,236500,RWF,Cash,
TX7113280742,802500591,2026-07-09T09:20:26Z,14207,KES,MPESA,
TX7865053914,194582760,2026-07-09T09:21:13Z,23204,KES,M-PESA,
TX7761789276,340399078,2026-07-09T11:08:03Z,98500,RWF,MoMo,
TX7554972708,170496977,2026-07-09T11:24:05Z,21023,KES,Bank,
TX1291479544,250985202,2026-07-09T11:37:27Z,1829.00,ETB,Cash,
TX2940049867,256105096,2026-07-09T13:37:39+02:00,437000,SSP,Cash,
TX2797080664,549780354,2026-07-09T11:45:16Z,7560.00,ETB,Telebirr,
TX1348759944,280734513,2026-07-09T12:25:39Z,72767,XAF,Cash,
TX5680021749,906344490,2026-07-09T12:27:09Z,406078,SSP,Bank,
TX7907466892,615798775,2026-07-09T12:38:07Z,19892.50,ETB,CBE Birr,
TX1157981816,918929170,2026-07-09T15:52:34+03:00,"18,948",KES,M-PESA,
TX9968945393,457166583,2026-07-09T14:20:34Z,841733,SSP,Bank,
TX4660219449,752818795,2026-07-09T14:29:12Z,18218.67,ETB,Cash,
TX1680908135,305828628,2026-07-09T14:49:54Z,31306,KES,mpesa,
TX4182278163,686834671,2026-07-09T15:45:57Z,116500,XAF,Cash,
TX9343027128,892059026,2026-07-09T15:53:59Z,52652,XAF,Cash,
TX3343997791,755679474,2026-07-09T16:17:43Z,131156,XAF,Moov Money,
TX2122859513,286192926,2026-07-09T16:40:50Z,141775,RWF,Cash,
TX3984863375,154284346,2026-07-10T06:43:08Z,23520,KES,Cash,
TX9203215842,552012226,2026-07-10T07:14:35Z,8154.00,ETB,telebirr,
TX9815772908,693226014,2026-07-10T07:30:53Z,132367,XAF,Airtel Money,
TX4847087008,850240251,2026-07-10T08:11:04Z,408570,SSP,Bank,
TX9608672587,777040994,2026-07-10T08:14:22Z,26133,KES,Cash,
TX8851599836,882232699,2026-07-10T10:51:34+02:00,220054,SSP,m-Gurush,
TX9991122705,441969169,2026-07-10T10:54:56+02:00,88667,RWF,Airtel Money,
TX2393928694,394330823,2026-07-10T09:16:46Z,121917,RWF,MoMo,
TX6067927367,781524429,2026-07-10T09:21:20Z,90833,SSP,m-Gurush,
TX2194648378,245654881,2026-07-10T09:46:08Z,27207,KES,mpesa,
TX4527057243,230914951,2026-07-10T11:45:41Z,219950,SSP,m-Gurush,
TX6720637158,960105737,2026-07-10T11:47:25Z,338250,RWF,Airtel Money,
TX7791192984,488252664,2026-07-10T11:48:13Z,206267,XAF,Airtel Money,
TX3462614374,873374695,2026-07-10T13:08:12Z,"9,301.50",ETB,telebirr,
TX5976381990,743722654,2026-07-10T15:13:14Z,194333,RWF,Airtel Money,
TX5592776639,414016546,2026-07-10T15:26:33Z,23958,KES,M-Pesa,
TX4908351671,367493690,2026-07-10T15:58:08Z,341333,SSP,Cash,
TX2671350544,302769152,2026-07-10T15:59:23Z,8063,KES,mpesa,
TX7986994158,240683726,2026-07-10T17:16:08Z,120750,XAF,Airtel Money,
TX3469078929,840938529,2026-07-11T05:25:51Z,357533,SSP,Bank,
TX9806859356,670609075,2026-07-11T09:04:23+03:00,8600.78,ETB,telebirr,
TX2576251424,198103161,2026-07-11T06:38:25Z,22275,KES,M-Pesa,
TX3246999641,498902026,2026-07-11T06:39:36Z,301583,RWF,Airtel Money,
TX7725761239,482096458,2026-07-11T07:40:05Z,149500,XAF,Moov Money,
TX7636451758,183032352,2026-07-11T08:08:51Z,187489,XAF,Cash,
TX4115026932,901694267,2026-07-11T08:26:42Z,266811,RWF,MTN MoMo,
TX8097808788,480396727,2026-07-11T08:27:41Z,98000,XAF,Cash,
TX7813977556,825314909,2026-07-11T09:50:41Z,744056,SSP,Cash,
TX7781905338,357032655,2026-07-11T10:15:12Z,"882,378",SSP,Cash,
TX3728187458,126797987,2026-07-11T12:55:13+02:00,360400,SSP,Bank,
TX4858544519,595172347,2026-07-11T11:28:37Z,8003.00,ETB,CBE Birr,
TX2771192115,266964787,2026-07-11T12:07:43Z,159300,XAF,Cash,
TX6820617177,138383353,2026-07-11T12:58:18Z,478497,SSP,Bank,
TX5282119301,119480668,2026-07-11T13:05:46Z,81442,XAF,Cash,
TX9426302960,672965871,2026-07-11T13:32:33Z,321067,SSP,m-Gurush,
TX7900531390,390217963,2026-07-11T14:25:42Z,27919,KES,Bank,
TX9776613282,432197706,2026-07-11T14:55:24Z,8944,KES,Bank,
TX5806698934,810591886,2026-07-11T14:55:52Z,5565,KES,MPESA,
TX9990216978,159043428,2026-07-11T15:06:29Z,108267,XAF,Cash,
TX2886495555,298417155,2026-07-11T15:31:58Z,38042,KES,M-PESA,
TX6375336428,763353951,2026-07-11T15:51:15Z,10034.67,ETB,Cash,
TX9204221260,153343921,2026-07-11T16:20:08Z,46667,XAF,Moov Money,
TX5854462122,782816117,2026-07-11T16:22:01Z,376133,RWF,MTN MoMo,
TX8018269841,589721030,2026-07-11T16:52:35Z,437733,RWF,MTN MoMo,
TX5018683403,662528851,2026-07-11T17:47:42Z,260400,XAF,Moov Money,
TX3670357597,997323295,2026-07-12T04:24:00Z,12400,KES,MPESA,
TX1766124444,320221411,2026-07-12T05:36:22Z,485333,SSP,m-Gurush,
TX3772857408,107856334,2026-07-12T05:54:45Z,21784.00,ETB,telebirr,
TX2277394230,801803899,2026-07-12T06:04:13Z,95500,XAF,Airtel Money,
TX9790043793,733241777,2026-07-12T06:19:34Z,105333,RWF,MoMo,
TX8184844073,338129887,2026-07-12T07:05:56Z,8015.00,ETB,CBE Birr,
TX7612726595,128473652,2026-07-12T07:08:16Z,17844.22,ETB,Telebirr,
TX6850240753,931521837,2026-07-12T08:37:32Z,23055,KES,M-Pesa,
TX8368600772,363737951,2026-07-12T09:18:40Z,197750,RWF,MTN MoMo,
TX1533121525,249719036,2026-07-12T09:19:53Z,35892,XAF,Moov Money,
TX9215915111,984947412,2026-07-12T09:38:36Z,38820,XAF,Airtel Money,
TX5016003522,841619737,2026-07-12T10:43:01Z,47700,XAF,Airtel Money,
TX3251322925,953217618,2026-07-12T10:56:48Z,21747,KES,Bank,
TX3646653777,198462606,2026-07-12T11:12:46Z,22290.50,ETB,telebirr,
TX2887290585,675203843,2026-07-12T11:19:10Z,323844,RWF,MTN MoMo,
TX2104237691,815311778,2026-07-12T11:36:34Z,679156,SSP,Cash,
TX6675042635,755344929,2026-07-12T13:37:40Z,364806,RWF,MTN MoMo,
TX1003023173,661899962,2026-07-12T14:45:28Z,16697.11,ETB,Cash,
TX1567932996,822059710,2026-07-12T14:55:36Z,820333,SSP,m-Gurush,
TX3124377109,644714212,2026-07-12T15:31:59Z,57145,XAF,Airtel Money,
TX2599021145,889641484,2026-07-12T15:38:34Z,4578.00,ETB,Telebirr,
TX9635222428,419833885,2026-07-12T15:42:42Z,8878,KES,Cash,
TX8811167427,195202110,2026-07-12T15:52:58Z,253000,RWF,Airtel Money,
TX7278495280,988747364,2026-07-12T16:25:00Z,1113617,SSP,m-Gurush,
TX6797504199,224482291,2026-07-13T05:24:50Z,14310,KES,M-Pesa,
TX8459030480,705492689,2026-07-13T05:40:59Z,18984,KES,MPESA,
TX7524319193,371671987,2026-07-13T06:27:32Z,339733,RWF,MTN MoMo,
TX2885754782,894693869,2026-07-13T08:40:00Z,7226.17,ETB,Cash,
TX9835752323,768726124,2026-07-13T09:40:06Z,4414,KES,mpesa,
TX5084109364,465207511,2026-07-13T09:42:30Z,26833,RWF,MTN MoMo,
TX5043913988,303016581,2026-07-13T09:47:32Z,16835.83,ETB,telebirr,
TX4878642264,785496256,2026-07-13T10:02:55Z,73333,XAF,Cash,
TX6335189124,473824063,2026-07-13T10:05:04Z,"7,912.79",ETB,CBE Birr,
TX1642950107,217872687,2026-07-13T11:03:41Z,195750,RWF,MoMo,
TX9039915757,535616189,2026-07-13T11:33:09Z,224358,XAF,Moov Money,
TX1114677258,257004550,2026-07-13T11:46:52Z,230667,RWF,MoMo,
TX5248360154,435025473,2026-07-13T12:08:48Z,13417,XAF,Airtel Money,
TX3225272662,365030222,2026-07-13T12:59:30Z,52967,XAF,Airtel Money,
TX2783436596,289916596,2026-07-13T13:33:12Z,222600,RWF,MTN MoMo,
TX1000445313,664722053,2026-07-13T13:47:30Z,96000,XAF,Moov Money,
TX1194887232,458182472,2026-07-13T14:46:12Z,916828,SSP,m-Gurush,
TX2190064010,174765781,2026-07-14T05:17:34Z,8533,KES,Bank,
TX2519762200,250701565,2026-07-14T07:58:20+02:00,442400,SSP,m-Gurush,
TX9400425837,248556384,2026-07-14T07:07:16Z,8197.22,ETB,telebirr,
TX7431125379,370159815,2026-07-14T07:56:10Z,13708.28,ETB,telebirr,
TX1789307369,565669918,2026-07-14T08:15:32Z,5512.00,ETB,CBE Birr,
TX6589330924,452419538,2026-07-14T08:30:18Z,105544,XAF,Cash,
TX3379480759,894182494,2026-07-14T10:06:20Z,234267,XAF,Cash,
TX3834338726,183030637,2026-07-14T10:28:08Z,159500,XAF,Moov Money,
TX2642478962,742376294,2026-07-14T11:12:47Z,145658,XAF,Airtel Money,
TX2218166249,878728816,2026-07-14T11:46:48Z,341917,RWF,Cash,
TX7052218850,519536544,2026-07-14T12:09:50Z,432000,SSP,Cash,
TX6064246960,260746819,2026-07-14T12:29:54Z,23411.67,ETB,telebirr,
TX6058948697,835995435,2026-07-14T12:52:33Z,238608,RWF,Cash,
TX7145195348,949326248,2026-07-14T13:54:35Z,36711,XAF,Airtel Money,
TX9093448354,231310643,2026-07-14T15:29:59Z,"181,333",RWF,MoMo,
TX5376569674,478130009,2026-07-14T15:32:49Z,342533,RWF,MoMo,
TX3385572427,526307354,2026-07-14T15:36:33Z,26546.67,ETB,telebirr,
TX2251060159,413230655,2026-07-14T16:18:37Z,174033,RWF,MTN MoMo,
TX2346971489,617600395,2026-07-15T05:45:46Z,304750,SSP,m-Gurush,
TX7007486128,386591847,2026-07-15T10:28:42+03:00,12262.17,ETB,Cash,
TX9389108729,215369201,2026-07-15T07:51:53Z,207100,SSP,Cash,
TX2570918106,857733123,2026-07-15T08:52:43Z,661889,SSP,Bank,
TX9175133624,304436201,2026-07-15T09:06:08Z,1241333,SSP,Bank,
TX8095984195,352379708,2026-07-15T09:20:07Z,26386,KES,M-PESA,
TX8423886875,629904719,2026-07-15T09:20:14Z,17025,XAF,Cash,
TX4527874744,598032970,2026-07-15T10:15:25Z,262508,RWF,Cash,
TX7382426416,331220964,2026-07-15T10:25:37Z,400583,RWF,Cash,
TX7700531776,949933998,2026-07-15T11:14:21Z,40227,KES,M-Pesa,
TX5321948952,275585993,2026-07-15T13:16:46+02:00,369733,RWF,MTN MoMo,
TX7676267103,762303282,2026-07-15T11:33:51Z,95375,XAF,Airtel Money,
TX4175301682,674635998,2026-07-15T11:57:59Z,1010167,SSP,m-Gurush,
TX2067989507,742726969,2026-07-15T12:17:13Z,91122,XAF,Cash,
TX8866303837,407159600,2026-07-15T12:44:36Z,15614.44,ETB,telebirr,
TX2072614613,295017351,2026-07-15T12:46:03Z,520800,SSP,Bank,
TX2955627296,789954726,2026-07-15T13:27:21Z,561350,SSP,Cash,
TX9789820368,875897066,2026-07-15T14:57:40Z,565333,SSP,Bank,
TX7306639489,156866946,2026-07-15T16:46:41Z,192567,RWF,MTN MoMo,
TX6499049930,743626860,2026-07-15T16:47:36Z,27000,XAF,Moov Money,
TX7959971483,479643855,2026-07-16T05:38:00Z,6489.33,ETB,Cash,
TX2505224495,538831590,2026-07-16T06:13:43Z,207639,RWF,MoMo,
TX1865697498,449541035,2026-07-16T08:02:37Z,375100,SSP,m-Gurush,
TX5883381133,553662351,2026-07-16T08:07:28Z,16803,KES,M-PESA,
TX2909659434,696444863,2026-07-16T08:23:00Z,30456,KES,Cash,
TX5574560910,733784078,2026-07-16T08:51:02Z,76667,RWF,Cash,
TX6714399338,278588653,2026-07-16T09:00:54Z,134667,RWF,MTN MoMo,
TX3285499296,866920433,2026-07-16T10:28:41Z,190800,SSP,m-Gurush,
TX1246530442,620563765,2026-07-16T11:09:34Z,677222,SSP,Cash,
TX5204012821,679931098,2026-07-16T11:35:37Z,112444,RWF,Airtel Money,
TX3028055046,691460550,2026-07-16T11:51:41Z,5962.50,ETB,Telebirr,
TX7351252542,122057660,2026-07-16T11:54:54Z,19983,KES,M-Pesa,
TX2965079580,715716918,2026-07-16T11:58:45Z,12548,KES,M-PESA,
TX4476778464,386931124,2026-07-16T12:25:08Z,20798,KES,MPESA,
TX4829725618,687716257,2026-07-16T12:30:33Z,2841.67,ETB,Telebirr,
TX4122585502,737574500,2026-07-16T12:33:05Z,554083,SSP,m-Gurush,
TX4052887180,629159492,2026-07-16T13:16:54Z,106650,XAF,Moov Money,
TX9241519084,378822441,2026-07-16T13:30:48Z,19358,KES,mpesa,
TX5806023544,400481810,2026-07-16T14:53:45Z,2016.67,ETB,Telebirr,
TX5131220603,470705641,2026-07-16T15:09:24Z,13380.00,ETB,Telebirr,
TX9394566102,142276144,2026-07-16T17:14:29Z,"59,400",XAF,Airtel Money,
TX1335981418,489489907,2026-07-16T17:31:51Z,24256,XAF,Cash,
TX6277021270,477855053,2026-07-17T05:00:57Z,125583,RWF,MTN MoMo,
TX6699517782,775522883,2026-07-17T05:48:34Z,23993,KES,mpesa,
TX8467604699,932863815,2026-07-17T07:18:08Z,15575,KES,M-PESA,
TX5808983187,636590935,2026-07-17T08:24:00Z,1017173,SSP,Cash,
TX2330837050,333928124,2026-07-17T08:27:09Z,1279667,SSP,Bank,
TX3635971289,738236822,2026-07-17T08:30:29Z,144667,XAF,Cash,
TX7790540126,629248022,2026-07-17T08:44:55Z,207647,RWF,Airtel Money,
TX1574162925,286457718,2026-07-17T09:20:41Z,86400,RWF,MTN MoMo,
TX3457403416,283738420,2026-07-17T10:39:42Z,6244.30,ETB,Telebirr,
TX4786251641,552450906,2026-07-17T11:10:29Z,486267,RWF,MTN MoMo,
TX4653635796,768836597,2026-07-17T11:26:02Z,155867,XAF,Airtel Money,
TX7800312078,905670543,2026-07-17T11:36:23Z,25433,kes,Cash,
TX2873422933,510963042,2026-07-17T11:50:06Z,130333,XAF,Airtel Money,
TX1626615675,152513213,2026-07-17T12:39:03Z,13125,KES,M-Pesa,
TX9675781226,466874796,2026-07-17T13:51:00Z,3474,KES,mpesa,
TX8460366745,952280977,2026-07-17T14:05:43Z,203878,RWF,Airtel Money,
TX6280403641,297584643,2026-07-17T15:19:40Z,30960,KES,M-PESA,
TX3589886937,947490535,2026-07-17T15:20:48Z,99808,XAF,Airtel Money,
TX9144027443,964999374,2026-07-17T15:29:10Z,590333,SSP,Cash,
TX2970025246,615759378,2026-07-17T16:11:55Z,107825,XAF,Cash,
TX8606796894,850559321,2026-07-17T17:30:32Z,153972,XAF,Cash,
TX1558917145,487194591,2026-07-18T05:49:32Z,24071,KES,mpesa,
TX4807133591,708896377,2026-07-18T05:57:20Z,6615,KES,Bank,
TX7416679217,508155602,2026-07-18T06:54:32Z,376944,RWF,Cash,
TX6239953980,849499956,2026-07-18T07:37:29Z,4160.50,ETB,CBE Birr,
TX6995902696,174518520,2026-07-18T07:44:12Z,35425,KES,M-Pesa,
TX7936393795,172697420,2026-07-18T07:57:24Z,12739.44,ETB,CBE Birr,
TX6765330071,446852639,2026-07-18T08:25:05Z,126522,XAF,Cash,
TX9074029929,742769116,2026-07-18T09:30:35Z,161683,SSP,Bank,
TX8633595331,823144024,2026-07-18T10:09:20Z,14000.00,ETB,Cash,
TX4465099313,352251959,2026-07-18T10:23:59Z,5372.23,ETB,Cash,
TX3602485553,373067687,2026-07-18T12:14:33Z,505267,SSP,m-Gurush,
TX9061705597,355375927,2026-07-18T12:15:56Z,100825,xaf,Cash,
TX3052932605,175521526,2026-07-18T12:17:46Z,4574.44,ETB,telebirr,
TX5315646740,770800794,2026-07-18T13:27:48Z,1254400,SSP,m-Gurush,
TX2590179109,442286307,2026-07-18T13:33:24Z,"17,876.00",ETB,Cash,
TX2159531552,518492697,2026-07-18T13:44:27Z,129683,RWF,Cash,
TX4771706497,632019231,2026-07-18T14:46:32Z,308917,RWF,MTN MoMo,
TX1269677092,972000478,2026-07-18T15:03:34Z,6835.22,ETB,telebirr,
TX5154627300,286613517,2026-07-18T15:16:41Z,8053.33,ETB,CBE Birr,
TX9182819374,228292426,2026-07-19T05:24:52Z,14238.67,ETB,Cash,
TX2412497925,787351536,2026-07-19T06:01:53Z,73775,XAF,Cash,
TX6346770254,700174275,2026-07-19T08:22:15Z,45417,KES,MPESA,
TX7984303187,206908515,2026-07-19T09:04:11Z,148500,XAF,Airtel Money,
TX2032749953,378411322,2026-07-19T09:58:25Z,189842,RWF,Airtel Money,
TX3504120178,188890478,2026-07-19T10:05:05Z,11059.33,ETB,Cash,
TX2737712963,230273571,2026-07-19T10:20:26Z,18815.78,ETB,CBE Birr,
TX7902223193,325850782,2026-07-19T11:08:44Z,24961.00,ETB,CBE Birr,
TX6217292748,168748108,2026-07-19T11:17:11Z,52708,KES,M-PESA,
TX3328269121,650936448,2026-07-19T11:50:08Z,172411,XAF,Cash,
TX1309884555,258067051,2026-07-19T12:13:41Z,204400,RWF,MoMo,
TX7541035382,275817951,2026-07-19T12:39:50Z,71750,XAF,Cash,
TX3208345969,421728684,2026-07-19T12:49:40Z,155250,RWF,MTN MoMo,
TX5080284642,339967557,2026-07-19T13:05:24Z,11883,kes,M-PESA,
TX9516754636,980541632,2026-07-19T13:43:36Z,220000,RWF,MoMo,
TX7591204672,346158502,2026-07-19T14:15:22Z,208083,RWF,MTN MoMo,
TX7388306822,578572682,2026-07-19T14:34:18Z,22297,KES,Bank,
TX1330262985,569061974,2026-07-19T14:53:54Z,88000,XAF,Cash,
TX4683047458,451628028,2026-07-19T15:26:32Z,224000,rwf,MTN MoMo,
TX8678272272,359280022,2026-07-19T17:05:19Z,54667,XAF,Cash,
TX6926278793,953731995,2026-07-20T04:36:42Z,18487,KES,Bank,
TX1821555469,403145050,2026-07-20T05:39:44Z,18893.33,ETB,telebirr,
TX5891811154,183792384,2026-07-20T06:44:59Z,383167,SSP,m-Gurush,
TX2672515106,278975179,2026-07-20T06:54:17Z,8901.67,ETB,Telebirr,
TX3686202349,884781002,2026-07-20T07:50:25Z,"696,667",SSP,m-Gurush,
TX5099645340,147289299,2026-07-20T08:15:12Z,19035,KES,M-PESA,
TX1845201798,867759563,2026-07-20T08:25:45Z,62500,XAF,Cash,
TX2547037231,296178885,2026-07-20T08:40:39Z,"315,467",SSP,m-Gurush,
TX9859487113,168544769,2026-07-20T08:45:30Z,26705,KES,mpesa,
TX6710966870,205182098,2026-07-20T09:38:43Z,13111,XAF,Airtel Money,
TX4393295131,526460355,2026-07-20T09:41:44Z,10423,KES,Bank,
TX6208785555,486432343,2026-07-20T09:43:27Z,15235.00,ETB,telebirr,
TX4133763714,154355513,2026-07-20T10:19:21Z,208467,RWF,MoMo,
TX9253186345,312988665,2026-07-20T10:24:26Z,132300,RWF,Cash,
TX1950393851,853198129,2026-07-20T10:28:50Z,73333,RWF,MTN MoMo,
TX8341179643,858472307,2026-07-20T10:33:21Z,150867,XAF,Airtel Money,
TX2883048411,123130826,2026-07-20T10:51:04Z,5196.73,ETB,CBE Birr,
TX4775175830,935736068,2026-07-20T11:33:48Z,1088092,ssp,Cash,
TX5690911084,168929597,2026-07-20T11:44:37Z,13807,KES,Bank,
TX4196907744,703207029,2026-07-20T11:55:36Z,45283,XAF,Airtel Money,
TX9645706840,310284756,2026-07-20T12:07:52Z,248456,RWF,MoMo,
TX3701958424,536365974,2026-07-20T13:03:43Z,710500,SSP,Bank,
TX2467768369,604338570,2026-07-20T16:10:12+03:00,12192,KES,M-PESA,
TX3353214419,706602170,2026-07-20T13:38:50Z,6121.50,ETB,Telebirr,
TX1129585071,884035233,2026-07-20T13:51:31Z,297733,RWF,Airtel Money,
TX5477806546,935012477,2026-07-20T14:16:34Z,38022,KES,Cash,
TX6233409237,397156137,2026-07-20T17:59:54+02:00,605333,SSP,Bank,
TX7232033902,173443821,2026-07-20T16:29:53Z,134750,RWF,MoMo,
TX1858969086,383602126,2026-07-20T16:30:41Z,60000,XAF,Cash,
TX3181412351,802674593,2026-07-20T17:33:34Z,110667,XAF,Moov Money,
TX7422542552,324959799,2026-07-21T06:16:38Z,733333,SSP,Cash,
TX2516889104,799571535,2026-07-21T06:28:50Z,13000,XAF,Cash,
TX2210168071,379621051,2026-07-21T06:48:32Z,22605.33,ETB,Telebirr,
TX7296441919,615448378,2026-07-21T06:49:02Z,26194,RWF,MoMo,
TX6358109636,847425828,2026-07-21T07:33:37Z,152744,XAF,Moov Money,
TX7212032430,344077056,2026-07-21T07:34:38Z,10449.00,ETB,Telebirr,
TX3830713186,697060166,2026-07-21T07:42:28Z,18893,KES,Bank,
TX6272265726,141973137,2026-07-21T07:47:21Z,52967,XAF,Moov Money,
TX1231423181,320197950,2026-07-21T08:14:54Z,199000,RWF,MoMo,
TX5105542936,988553238,2026-07-21T09:46:52Z,9046.67,ETB,Telebirr,
TX7395707344,709226940,2026-07-21T10:27:05Z,110817,XAF,Cash,
TX2655460059,610773040,2026-07-21T10:27:57Z,22417.67,ETB,Cash,
TX6808986401,563311072,2026-07-21T10:36:59Z,11505.00,ETB,CBE Birr,
TX6990689562,901699224,2026-07-21T10:59:43Z,8073,KES,MPESA,
TX2027662163,791356452,2026-07-21T14:09:29+01:00,64750,XAF,Cash,
TX4211934008,155261205,2026-07-21T13:16:21Z,74406,XAF,Cash,
TX1974136126,327708132,2026-07-21T13:40:24Z,34500,RWF,Airtel Money,
TX3209474370,419931106,2026-07-21T13:42:58Z,350617,SSP,Cash,
TX1591600662,213129616,2026-07-21T14:09:56Z,193088,RWF,MoMo,
TX6700336177,374355641,2026-07-21T14:16:14Z,34742,KES,mpesa,
TX8350717429,634425578,2026-07-21T14:34:34Z,25988,KES,mpesa,
TX7585981413,656845543,2026-07-21T15:19:50Z,44722,RWF,Airtel Money,
TX6195858373,451046085,2026-07-21T18:32:15+03:00,40883,KES,mpesa,
TX9760769988,815928712,2026-07-21T15:44:21Z,45326,KES,Bank,
TX6990592934,447086275,2026-07-21T18:59:33+03:00,19544.00,ETB,Cash,
TX4701370858,706100722,2026-07-21T17:01:06+01:00,89156,XAF,Airtel Money,
TX5915632376,514824825,2026-07-21T16:10:06Z,181444,SSP,Bank,
TX1872108945,648821947,2026-07-22T05:27:27Z,6240.00,ETB,Telebirr,
TX8032941200,835160920,2026-07-22T05:27:53Z,193581,RWF,Cash,
TX3686390873,303436971,2026-07-22T05:45:37Z,191167,SSP,m-Gurush,
TX5529783861,813720398,2026-07-22T05:47:45Z,50958,KES,M-Pesa,
TX2840091381,886668670,2026-07-22T06:03:12Z,8066.67,ETB,Cash,
TX3632883372,808854745,2026-07-22T07:47:36Z,115733,RWF,MoMo,
TX9539851027,455413760,2026-07-22T08:01:23Z,100956,RWF,MTN MoMo,
TX6212120496,656140305,2026-07-22T08:13:43Z,134698,XAF,Airtel Money,
TX2434172540,194574017,2026-07-22T08:48:48Z,350589,SSP,Cash,
TX3979843257,851361963,2026-07-22T09:03:00Z,20255.83,ETB,Cash,
TX2755481711,934745606,2026-07-22T09:27:33Z,11223.11,ETB,Telebirr,
TX4240111991,941732504,2026-07-22T09:27:38Z,15327,KES,mpesa,
TX8740589470,996141769,2026-07-22T09:46:00Z,9936.00,ETB,Telebirr,
TX3832999066,673663161,2026-07-22T10:20:22Z,2986.67,ETB,telebirr,
TX1427931637,526987256,2026-07-22T10:40:20Z,166133,XAF,Cash,
TX8437906002,545218285,2026-07-22T10:41:53Z,33696,KES,M-PESA,
TX8067174675,424124462,2026-07-22T10:46:48Z,164194,XAF,Airtel Money,
TX5351451858,618495260,2026-07-22T12:24:41Z,"15,322.50",ETB,Telebirr,
TX7800554237,522530211,2026-07-22T13:43:54Z,17755,KES,MPESA,
TX8097139414,319791202,2026-07-22T14:06:41Z,214484,SSP,Bank,
TX9043122976,219236488,2026-07-22T14:51:14Z,29700,XAF,Moov Money,
TX9238308757,895709321,2026-07-22T15:06:13Z,14632.00,ETB,Cash,
TX3917136698,399106539,2026-07-22T15:28:34Z,173722,RWF,MoMo,
TX5698890391,108083740,2026-07-23T05:42:16Z,21867,KES,M-Pesa,
TX5066096134,763990240,2026-07-23T06:57:09Z,213470,SSP,Cash,
TX4457963187,584802352,2026-07-23T07:34:54Z,76000,XAF,Cash,
TX1913714990,419664270,2026-07-23T07:45:30Z,70532,XAF,Airtel Money,
TX8481175675,146280727,2026-07-23T07:52:23Z,39573,KES,Cash,
TX3418025520,105839673,2026-07-23T08:26:45Z,6621,KES,mpesa,
TX1790409400,469716175,2026-07-23T08:55:05Z,80081,XAF,Cash,
TX7615667921,846295859,2026-07-23T08:55:42Z,263417,SSP,Cash,
TX8323424818,676910573,2026-07-23T09:04:36Z,"377,072",RWF,Cash,
TX6968926689,532090476,2026-07-23T09:05:19Z,391417,RWF,MTN MoMo,
TX9501010396,295162769,2026-07-23T09:05:48Z,22354,KES,Bank,
TX7526192544,273974393,2026-07-23T10:38:35Z,291972,RWF,MTN MoMo,
TX3674772239,268019072,2026-07-23T10:45:22Z,216533,XAF,Moov Money,
TX6472455339,740834154,2026-07-23T10:51:06Z,12750,KES,M-Pesa,
TX9661813459,753929470,2026-07-23T11:03:01Z,800480,SSP,Bank,
TX4635424573,969265810,2026-07-23T11:41:13Z,242833,RWF,Cash,
TX5491505840,967018324,2026-07-23T11:51:16Z,218735,RWF,Airtel Money,
TX9800929250,852330471,2026-07-23T13:13:01Z,373667,RWF,Cash,
TX8467498026,692277358,2026-07-23T14:22:14Z,6031.11,ETB,CBE Birr,
TX5184253712,382927932,2026-07-23T15:53:44+01:00,66837,XAF,Moov Money,
TX9418214383,340268265,2026-07-23T16:03:54Z,341850,SSP,m-Gurush,
TX3422219790,628156964,2026-07-24T05:20:51Z,3238,KES,Cash,
TX4041347081,198380527,2026-07-24T05:51:20Z,18090,KES,Cash,
TX3986148281,515260173,2026-07-24T06:46:57Z,172772,XAF,Cash,
TX7745111211,558371055,2026-07-24T06:47:32Z,14175,KES,Bank,
TX4013626061,176258651,2026-07-24T07:56:24Z,14440,KES,Bank,
TX6619855455,137739477,2026-07-24T09:29:58Z,14261.33,ETB,CBE Birr,
TX4022691344,110388260,2026-07-24T10:02:04Z,368000,SSP,Cash,
TX1974361449,894460526,2026-07-24T10:27:04Z,75389,XAF,Moov Money,
TX4870737746,902363855,2026-07-24T12:04:51Z,207100,XAF,Cash,
TX1709709473,669080723,2026-07-24T12:30:01Z,731500,SSP,m-Gurush,
TX3604042505,780400293,2026-07-24T12:42:22Z,86800,XAF,Cash,
TX9386493436,515320300,2026-07-24T13:26:24Z,"244,900",SSP,Cash,
TX1935926068,770203136,2026-07-24T14:31:58Z,26231,KES,MPESA,
TX7008272249,577107570,2026-07-24T15:36:51Z,26189.33,ETB,Telebirr,
TX8506851098,909861273,2026-07-24T16:30:50Z,477783,RWF,MTN MoMo,
TX6358343052,139163852,2026-07-25T04:04:03Z,48907,KES,mpesa,
TX6842120854,181869236,2026-07-25T05:03:57Z,135444,SSP,m-Gurush,
TX9649597653,915543847,2026-07-25T05:16:29Z,156678,RWF,MoMo,
TX7256569607,931515631,2026-07-25T05:35:52Z,27869.33,ETB,Telebirr,
TX3251756550,815362635,2026-07-25T06:27:31Z,3650,KES,MPESA,
TX1488498737,105615960,2026-07-25T06:39:06Z,16764,KES,M-PESA,
TX2456624969,646674677,2026-07-25T06:54:58Z,784000,SSP,Bank,
TX8463452057,487743281,2026-07-25T08:31:22Z,11816.61,ETB,CBE Birr,
TX5775830916,521335238,2026-07-25T08:58:25Z,25042,KES,Bank,
TX9885575944,917981391,2026-07-25T09:43:29Z,49777,KES,M-PESA,
TX2629932761,486322343,2026-07-25T10:09:36Z,48142,XAF,Moov Money,
TX7739153838,942063088,2026-07-25T11:36:02Z,19743,KES,Bank,
TX2470561714,147686766,2026-07-25T11:55:19Z,6581.78,ETB,Cash,
TX2771897586,223606654,2026-07-25T12:03:55Z,12717,KES,MPESA,
TX4223365100,878742257,2026-07-25T12:05:15Z,54325,RWF,MTN MoMo,
TX7939947242,917142474,2026-07-25T13:19:11Z,52444,RWF,MTN MoMo,
TX6304880447,493453686,2026-07-25T14:25:51Z,111300,XAF,Moov Money,
TX8153247104,663718324,2026-07-25T14:26:58Z,152694,XAF,Airtel Money,
TX6676898608,512193405,2026-07-25T14:51:28Z,686000,SSP,m-Gurush,
TX8655640240,122549373,2026-07-25T15:21:21Z,21093,KES,M-Pesa,
TX3033411370,271217831,2026-07-25T17:26:05Z,91425,XAF,Cash,
TX4578124377,286824320,2026-07-25T17:31:02Z,47917,XAF,Airtel Money,
TX6190225856,897096409,2026-07-26T04:16:49Z,9289.44,ETB,telebirr,
TX7319480843,993933735,2026-07-26T05:11:22Z,31926,KES,MPESA,
TX2742929062,701783756,2026-07-26T05:50:05Z,88500,SSP,Bank,
TX7186948820,727754204,2026-07-26T06:02:51Z,65000,RWF,Airtel Money,
TX9126006891,242826912,2026-07-26T06:29:08Z,12875.11,ETB,Telebirr,
TX1318617437,380191966,2026-07-26T06:41:25Z,571000,SSP,Cash,
TX1328354500,752252924,2026-07-26T06:49:33Z,296992,RWF,MTN MoMo,
TX6243783269,215736398,2026-07-26T06:56:42Z,167728,XAF,Cash,
TX4703294460,956717839,2026-07-26T07:05:52Z,61600,RWF,Airtel Money,
TX4267323376,673415643,2026-07-26T08:19:48Z,798467,SSP,Cash,
TX6801614350,692967454,2026-07-26T08:29:09Z,100551,XAF,Moov Money,
TX3183323464,264197139,2026-07-26T09:38:04Z,92500,XAF,Airtel Money,
TX2514849090,367837538,2026-07-26T11:29:12Z,94500,RWF,MTN MoMo,
TX5585601164,534023535,2026-07-26T12:16:21Z,27472,KES,MPESA,
TX4870390726,854765866,2026-07-26T13:59:30Z,109017,RWF,Cash,
TX8532500645,613530944,2026-07-26T14:10:40Z,48414,KES,M-Pesa,
TX4625715951,217710384,2026-07-26T15:21:09Z,456892,RWF,MTN MoMo,
TX5738626559,499654739,2026-07-26T15:27:50Z,46639,XAF,Cash,
TX9753474209,256042616,2026-07-26T15:37:51Z,574067,SSP,Cash,
TX4695423342,254421954,2026-07-26T16:22:10Z,38500,RWF,MoMo,
TX5399298470,854669503,2026-07-26T17:19:14Z,136057,XAF,Moov Money,
TX6611359127,502213128,2026-07-27T05:25:53Z,14978.33,ETB,Cash,
TX3980561561,232893256,2026-07-27T05:34:03Z,25900,KES,Bank,
TX5314286304,532428497,2026-07-27T05:57:48Z,8058.50,ETB,Telebirr,
TX6661199863,326310942,2026-07-27T06:35:37Z,39333,XAF,Cash,
TX8145199625,888356906,2026-07-27T07:39:33Z,12800,KES,M-PESA,
TX1630423714,755597152,2026-07-27T08:22:30Z,13970.17,ETB,CBE Birr,
TX5083878282,880685686,2026-07-27T08:23:44Z,5805.00,ETB,telebirr,
TX8058563181,315396639,2026-07-27T08:30:30Z,416556,SSP,Cash,
TX6172091379,647704848,2026-07-27T09:49:37Z,1018733,SSP,m-Gurush,
TX9550008863,987936153,2026-07-27T09:53:07Z,96250,XAF,Airtel Money,
TX6670292705,649445880,2026-07-27T10:11:30Z,160325,RWF,MoMo,
TX3289797714,486509642,2026-07-27T10:21:30Z,28973,KES,M-Pesa,
TX3029253868,955822420,2026-07-27T10:33:38Z,9434.00,ETB,Cash,
TX7650848012,801684588,2026-07-27T11:04:27Z,12458.83,ETB,Cash,
TX1277027763,913566648,2026-07-27T11:09:50Z,117283,SSP,m-Gurush,
TX8761905945,908764049,2026-07-27T11:31:45Z,11466.67,ETB,Cash,
TX1577789317,702697781,2026-07-27T11:33:36Z,189750,XAF,Airtel Money,
TX8440392683,211932292,2026-07-27T14:15:29Z,10908,KES,MPESA,
TX6898896657,105218533,2026-07-27T14:41:36Z,17149.33,ETB,telebirr,
TX4484406376,824987337,2026-07-27T15:36:26Z,9067.39,ETB,Cash,
TX6307856709,222093104,2026-07-28T05:17:25Z,97650,RWF,MTN MoMo,
TX2608770873,534787871,2026-07-28T06:23:19Z,7298.67,ETB,Telebirr,
TX5088889928,764343627,2026-07-28T07:27:33Z,404000,SSP,m-Gurush,
TX6319283218,460556213,2026-07-28T08:48:07Z,74111,RWF,MoMo,
TX7713999378,573956880,2026-07-28T08:53:48Z,1327333,SSP,Bank,
TX4039576820,182730549,2026-07-28T08:58:19Z,10282.33,ETB,Cash,
TX5858786153,697798867,2026-07-28T09:28:09Z,181500,RWF,Airtel Money,
TX2868371797,981253860,2026-07-28T09:28:26Z,332367,SSP,Bank,
TX6538285696,630347884,2026-07-28T09:32:27Z,12818.67,ETB,telebirr,
TX6908882904,910186093,2026-07-28T10:02:46Z,253044,SSP,Bank,
TX5304844017,222018323,2026-07-28T10:14:59Z,21786,KES,Cash,
TX4186273070,881144618,2026-07-28T11:29:32Z,25600,kes,M-Pesa,
TX2352960666,241098244,2026-07-28T12:37:31+01:00,46870,XAF,Cash,
TX3511202672,200240819,2026-07-28T11:44:20Z,11929.94,ETB,Telebirr,
TX7577206929,783126815,2026-07-28T12:52:36Z,1255833,ssp,Cash,
TX2826559713,321544114,2026-07-28T13:20:34Z,54318,KES,M-PESA,
TX8399163239,489124720,2026-07-28T13:28:13Z,29867,XAF,Airtel Money,
TX8279260677,291593230,2026-07-28T13:34:23Z,10239.78,etb,telebirr,
TX1540876224,739637982,2026-07-28T15:15:46Z,14310,kes,Cash,
TX2371553188,903612385,2026-07-28T15:43:57Z,175694,XAF,Airtel Money,
TX7936309843,142973782,2026-07-28T17:06:42Z,99415,XAF,Moov Money,
TX2297113986,361018961,2026-07-28T18:39:37+01:00,19167,XAF,Airtel Money,
TX1157037472,154317520,2026-07-29T04:01:24Z,7788.00,ETB,Cash,
TX7634641744,507478959,2026-07-29T06:20:58Z,368783,SSP,Bank,
TX1035606210,883828715,2026-07-29T06:26:28Z,17262.78,ETB,Cash,
TX3738870641,170335166,2026-07-29T09:17:27Z,310933,SSP,m-Gurush,
TX5409437190,595611093,2026-07-29T10:07:39Z,1731.28,ETB,Cash,
TX7582078005,615788336,2026-07-29T10:40:15Z,14875.00,ETB,Telebirr,
TX7795133681,380859931,2026-07-29T10:45:14Z,17025.00,ETB,CBE Birr,
TX9625477511,960883627,2026-07-29T11:05:55Z,472267,SSP,m-Gurush,
TX8092035909,900138702,2026-07-29T12:19:26Z,11483.33,ETB,Telebirr,
TX9665290727,838503438,2026-07-29T13:07:00Z,51147,KES,MPESA,
TX7517015050,340591133,2026-07-29T14:01:08Z,504000,SSP,Cash,
TX4051400269,311953078,2026-07-29T14:22:24Z,34947,KES,Bank,
TX3436075779,372612693,2026-07-29T15:08:01Z,274350,RWF,Airtel Money,
TX9877013863,886332798,2026-07-29T15:29:30Z,18487,KES,M-PESA,
TX2043359033,273927573,2026-07-29T15:38:06Z,20716,KES,Cash,
TX3922690569,369169259,2026-07-29T17:52:29Z,130456,XAF,Airtel Money,
TX5455009684,250985202,2026-07-29T22:21:00Z,885.00,ETB,telebirr,
TX6942567978,980383599,2026-07-29T22:34:25Z,13800,KES,M-Pesa,
